actual,wm_prediction,baseline,pattern
108245.13184330297,69707.00799788744,154946.67045697526,skewed
14197.698864217016,40683.25241830604,15099.09775390264,skewed
280.77367728613865,25241.49695991012,1254.5386321968738,skewed
1545.0810307216816,17382.508000731166,1459.7255211631232,skewed
871.8997832842321,3819.6416781645485,-271.9441652992482,skewed
280.2732800002553,-8804.565531504517,-849.8951529553647,skewed
2399.058579575087,19340.637613467126,1897.055979132925,skewed
4324.108844346034,29521.099626711526,5637.028851005245,skewed
3467.857873346875,26389.400728046683,4158.512111362686,skewed
1090.1551526364012,34506.04814926498,3842.8643381775155,skewed
197.21028046281268,16946.319290662108,89.70406876005018,skewed
1481.88619480587,10763.830680599642,390.4333553361362,skewed
5.417998877829508,-31495.37893730664,-1164.0366024844702,local
164.70994131911678,9786.728961284281,-458.7003818042954,local
6123.000621780587,27379.941496681695,4587.799070633351,skewed
394.49400748190493,-8547.007909378835,-842.8947212616699,skewed
8933.129757805575,40571.5684167986,14958.010042272783,skewed
17398.349552016498,49449.88744973246,31052.204624150145,skewed
1652.4667955984,16811.072915154535,1344.1728157248392,skewed
1183.6131003808507,5178.503711681129,-168.87076457742432,skewed
865.8358381068125,5319.852551284257,-157.5094408590112,skewed
1156.8363550655938,8128.870581640585,96.26020945547816,skewed
1212.3997981594096,13758.087692850026,806.8418131392837,skewed
10.132297356808868,-20338.11776449797,-1123.1748325622434,local
6.268111763840984,-27458.109824502164,-1153.1303545294918,local
126.67934002792967,14225.448249687435,-155.3003598220339,local
16.808007218805002,-16794.41553153688,-1100.8088796392817,local
786.8595915297043,7401.34042625869,25.118708964605958,broadcast
263.9726446759487,24959.443321739553,1201.3592865190813,broadcast
405.1600969996088,-3016.502580178712,-653.1262456065629,broadcast
1310.392594619394,11577.082381785105,494.10691322570483,broadcast
152.46685037240084,-15819.399652487022,-995.3348918490233,broadcast
11565.554229045196,37416.485828857636,11439.456742470798,broadcast
1275.7457041132664,9909.607567812187,288.3798592303242,broadcast
748.8889890617203,5642.170630606952,-131.12971254136028,broadcast
1132.464078094609,8471.021347396738,131.13652992638845,broadcast
806.6364027879426,28562.066622807273,1976.8724719423678,broadcast
365.0157940944331,-9542.951460443675,-869.2035749354254,shuffle
9.77558708728329,-16055.81077621717,-1095.3181352252072,shuffle
76.52197882968095,-20299.938187008214,-1054.2796346736332,shuffle
49.27516615625253,-25964.148125697433,-1104.6342224959349,shuffle
150.2752517806145,-19217.786210890117,-1041.8668046369112,shuffle
9.342027614842092,-45732.66717708724,-1175.9848456206123,shuffle
816.2837338978912,9284.372391578781,217.87032044361922,shuffle
36.35966279165202,-3145.349581293263,-925.0955681200835,shuffle
8.896516399327345,-21107.760463727227,-1127.26910437355,shuffle
24.672598283400067,-10116.140546255187,-1037.5480799154907,shuffle
83.86608225043723,-22763.312452398244,-1078.9230941990158,shuffle
1092.833253903362,9529.877682817754,245.14806850205696,shuffle
168.27678133090652,-9967.047585932154,-879.8017758161832,shuffle
8.512743601200729,-27412.27003112264,-1152.9857833741858,shuffle
866.3819195446935,10017.197356430532,300.86302206764685,shuffle
16.03116021246078,-41511.20378478805,-1168.4006644727183,shuffle
292.09329609051565,-185.00384634400007,-519.3464561262895,shuffle
19.481831355974556,-10483.59049376648,-1041.9486175821557,shuffle
18.4186339116216,-13643.21687412937,-1075.0150089329286,shuffle
358.51539873179104,204.99776681860976,-498.4992601270005,shuffle
22.180054964106994,-31151.00208187673,-1134.8174362683276,shuffle
971.681314581351,3335.0345436156067,-306.1432554263056,shuffle
240.34215831700163,-11605.336717696111,-917.6078800194277,shuffle
125.5305143364972,-19379.08093217853,-1043.783914934931,shuffle
63.03781749117864,-18156.474414763445,-1028.6336711412605,shuffle
11.01365079738829,-21964.13158113797,-1131.545442930967,shuffle
291.7933413852894,-4974.660268683039,-729.8233232962702,shuffle
530.3984333037536,-2616.020807418978,-635.9475104657017,shuffle
502.7630353389353,744.4707263244486,-468.5985237724326,shuffle
126.87122645996834,-12568.845855652122,-937.6915457687614,shuffle
537.2949787650073,-3317.145202184613,-665.6748829702547,shuffle
343.10241829228255,-8381.28459995056,-838.3155524482636,shuffle
24.984453849692002,-31636.354287604117,-1137.0669571521853,shuffle
41.01095703605869,-1847.014087293202,-896.5356721327375,shuffle
1014.7647382501846,4011.988904205251,-258.00826504696624,shuffle
63.78447299014518,-23602.555902422522,-1086.2958479150802,shuffle
3.6043463603733756,-31721.697837882377,-1164.552350825908,shuffle
19.63626552458465,-350.4440307319642,-859.8256829650368,shuffle
156.04099558733364,-8115.736606539214,-830.8537660464794,shuffle
13.300871572171928,-17239.02942236278,-1103.9650317852202,shuffle
78.63845757796702,2257.0374597844057,-784.6979263142612,shuffle
50.69617856270192,-26290.419905852967,-1106.9129298246912,shuffle
94.76510824474528,-20768.639393607187,-1059.3396538554557,shuffle
46.20488852840762,-21948.53825166981,-1071.2892901586529,shuffle
1.984952122831929,-38979.92129563551,-1177.0767349637158,shuffle
125.64905751133469,14812.696363335252,-106.72255727379661,skewed
18594.312295187643,48526.20329588527,28814.30794610801,skewed
4415.992543126037,25081.740400467814,3640.199397834005,skewed
976.0147002428716,38381.94913135773,5617.130538492901,skewed
70.96744163812481,5641.730080086987,-661.4085644829102,skewed
7638.644217741538,33256.20690093282,7943.29011223594,skewed
1408.3971314578052,9342.77090465543,224.31171014764368,skewed
1552.9077770465697,11091.37203662242,431.40051957260994,skewed
37868.53317674679,53490.380780793705,42975.11121750007,skewed
311.27371939111896,-4584.390196731823,-715.4557836974686,skewed
1312.192112262666,44771.65134293592,10007.717203425495,skewed
3794.7627590076327,23144.279043593215,2963.049122297589,skewed
473.0858762889921,34969.9056990846,4028.096333483908,skewed
4184.463437517335,31509.708154477914,6781.299804000995,skewed
1175.9434970355596,8359.945974831722,119.71231160698153,skewed
1724.4701316777907,18400.377086030152,1678.7311130936578,skewed
372.4124447295387,30157.862747635936,2396.341438200695,skewed
1428.1646179060792,10089.171304245841,309.2724082847194,skewed
322.4827885676097,32107.43349823312,2984.838991951645,broadcast
1728.9058929174669,14885.666358740513,990.5913726940876,broadcast
29.020239905087717,-3991.6542049926024,-942.2165282885653,broadcast
402.7881888391108,2527.9792326111096,-360.3101692059272,broadcast
61.392864902308204,2517.2535067336994,-776.3291389826068,broadcast
18378.10507455178,47730.9884304716,27012.47980593701,broadcast
3712.0710002261203,26930.563644483504,4388.93716656371,broadcast
228.26413289285193,-7725.04050983766,-819.5910338274521,broadcast
304.8005450839977,26560.84371362788,1519.4064641400325,broadcast
4302.966564701797,25179.954732886337,3677.321770966563,broadcast
8685.8728204749,36561.8596799536,10626.024698236137,broadcast
337.5179632588498,-1244.8063155270715,-572.9013510814461,broadcast
3092.0150526346115,31215.40074653941,6600.580716552475,broadcast
24.7029651171643,-13583.427675354169,-1074.4618284073258,broadcast
782.100090926977,7129.520122336451,-0.44399346073396373,broadcast
2409.159948197143,24923.112277758806,3580.8385611459935,broadcast
216.71407478287267,-11110.967360999604,-906.7031802056326,broadcast
878.9835588595186,6447.850432537229,-62.22001793618165,skewed
18922.90031630707,46879.22149248123,25202.33873292068,skewed
238.72376957966142,24404.73354541094,1100.1188531687076,skewed
23429.734268537326,46491.35884757116,24417.01876356447,skewed
32555.70232183673,54896.69697185925,48086.67301652661,skewed
14215.548856226564,40254.91789358838,14564.599754534547,skewed
32054.688588584522,52052.006859434005,38295.02409995177,skewed
169.5675851499667,12678.947010028442,-273.0916665276868,skewed
2512.040078457444,42824.20674510076,8431.691412405873,skewed
7.725169667687479,-25600.814680524338,-1146.839256068704,local
22.83097168765762,-12770.443134117486,-1066.6786754888612,local
36.01322551350052,-3192.171784599235,-926.0725639233806,local
12.164211292456017,-8480.114825941993,-1016.3521931640107,local
11.481148072289237,-23237.08407437837,-1137.3976085284357,local
6.083523852865034,-15428.155556838634,-1090.3974611520312,local
7.4721415663042094,-21531.06984786525,-1129.4185647778263,local
26.33050226448717,-5956.348902705704,-977.8708727399458,local
9.164518560691558,-15435.417611381397,-1090.4557800703524,local
61.43357028676412,-70.68512090564491,-852.4760019154851,local
14.209114424650092,-19014.316214769584,-1115.5323584296152,local
2119.049843229487,21123.16784997082,2357.5042739334635,skewed
778.5679192596012,33512.66754198993,3467.984161839494,skewed
30402.716752889344,54377.591447023406,46134.402467094595,skewed
1689.669945368395,37531.19493454779,5180.5821553889955,skewed
10914.031675418442,45491.141783611885,22497.96868651053,skewed
731.8868340696176,34190.696619648195,3720.7016384495255,skewed
13096.62816346077,42798.68061134213,18016.809568544606,skewed
10.877489096228103,-20979.297756892156,-1126.6026656413187,local
8.314271323474681,-22283.850456133194,-1133.070280462911,local
151.6826416240661,7365.911095389698,-584.9474048356383,local
4.2779263125263185,-21848.488659923387,-1130.9844908358214,local
29.352602171367828,-8500.539572125252,-1016.6337988492623,local
14.931299652121394,-15841.44569744171,-1093.664531911214,local
43.43512701023504,3824.841142150445,-731.6105497518283,local
142.33979764184514,-21690.224065737126,-1068.766213496885,shuffle
87.79349044655358,-16498.414569341403,-1005.6416310394466,shuffle
198.44505561366188,-14892.288758473393,-980.3527460440782,shuffle
296.0121768288276,-10626.165603085734,-895.5940176510312,shuffle
557.6138564810485,8151.23190510723,98.51128880540591,shuffle
38.47300466925032,-28735.02221578233,-1122.2630089724817,shuffle
33.34111558978167,-7993.174628880051,-1009.504174139006,shuffle
119.28847938303036,6941.66858272765,-604.7237225354179,shuffle
94.96145651154565,-17813.81260225752,-1024.122250257807,shuffle
22.87626937036302,-11228.64879892005,-1050.4940377639782,shuffle
4118.239278015887,21908.045525016565,2581.4151285755893,shuffle
263.4279599240842,-10058.387014695702,-882.0389110820133,shuffle
276.2317431620889,-3706.401213009282,-681.4918471000428,shuffle
121.40695543620035,-20657.3680364378,-1058.155049708018,shuffle
29.406012675718856,-7827.145017959407,-1007.1092463871314,shuffle
994.5430846073725,5358.499232908115,-154.38127146152283,shuffle
462.9396280235844,-3446.231142910406,-670.9733587158044,shuffle
158.40375352610886,-12441.982519521562,-935.1325059497235,shuffle
427.44468239230054,-2423.357656934168,-627.4903891888002,shuffle
175.61744752499894,-12034.892715798765,-926.748033785751,shuffle
70.86198425462757,-24692.4515210003,-1095.1788856440498,shuffle
26.988045366306224,-30211.43413073504,-1130.2135454735467,shuffle
81.34825608975068,4017.6729424510145,-724.6220846218825,shuffle
6.717910816083763,-25554.849623973645,-1146.6717325278928,shuffle
595.7767137551688,5983.168927278781,-102.49092105753289,shuffle
175.39970615937835,20477.500737245722,495.8218815847099,shuffle
371.73938110727545,-3905.087522012374,-689.3823089175185,shuffle
55.83085267827247,-1385.780211988495,-885.6744073369446,shuffle
95.10098125883083,-16384.22112596271,-1003.9461853209782,shuffle
50.99421958925978,-2350.297662872514,-907.9504689932555,shuffle
44.214348705847364,513.0946460321352,-836.6138075792273,shuffle
161.77350068874347,-15594.93873618866,-991.8061997049472,shuffle
14.766459497233251,-17587.197158299234,-1106.3613834528114,shuffle
217.96103214707625,-11351.849038005177,-912.0689434066003,shuffle
232.60905672578315,-10268.979942491147,-887.1366379416486,shuffle
193.3056753834615,-11374.666608066453,-912.572017726457,shuffle
28.65640222282937,-13450.237343314833,-1073.2202294604722,local
17.399420788531955,-11275.996681001701,-1051.0205214581392,local
6.833917972152542,-24309.597350560434,-1141.8974579506753,local
1948.474752308723,13745.60886364121,804.897180618977,broadcast
32.523490881966346,-4342.363503525014,-948.9873953331062,broadcast
879.2544718866583,14648.666737736849,950.6197435906045,broadcast
580.5099270677267,2127.5320265729583,-385.9494321890961,broadcast
470.1380226207641,2608.5380339598833,-355.0549684049711,broadcast
892.6558479304721,10741.455686321702,387.6727486687628,broadcast
263.6846054040358,18285.8932984256,230.78630221915955,broadcast
733.879419012546,33830.12065626544,3584.646449767564,broadcast
2743.784010501897,20198.481393766106,2110.679761913359,broadcast
1156.7614288947525,14787.703683850978,973.9798064139638,broadcast
1208.3137192034858,14306.110291558856,894.1333535064321,broadcast
482.9548485080368,5384.252133559835,-152.2915279083154,broadcast
156.6722896688198,7051.348936139642,-599.6733549582414,broadcast
264.71506759909,20479.7256832192,496.11458496408886,broadcast
713.0169424922341,6469.000364638054,-60.35219441925983,broadcast
299.8871134603276,25143.714357700836,1235.969958649065,broadcast
1333.467205832076,12044.906601161283,556.7881888595584,broadcast
24.480552924148203,-10297.92506185694,-1039.7408470601108,local
11.512818143510955,-15164.308897709643,-1088.2560841336485,local
46.0900651882611,-4566.158276108443,-953.2123799406977,local
27.42251366788851,-9960.573730267946,-1035.646758173339,local
25.90751342549943,-3781.848303210811,-938.0766904716802,local
19.62531880187143,-16201.8169004471,-1096.4287218744003,local
18.317127091945512,-13514.152353457108,-1073.8176516056915,local
19.65005123059813,-4359.799107891029,-949.3192102402977,local
83.91634387472713,7584.688236208174,-574.4907932289134,local
8.189226416665852,-23894.51661759901,-1140.2003689968415,local
129.05680577346564,-20899.70967771815,-1060.7219372063946,shuffle
1441.0013089727727,12829.992274436541,667.246958085902,shuffle
218.61688068028127,-8151.042380927349,-831.8547587354287,shuffle
49.32277628695156,-25242.57445669313,-1099.3843070801981,shuffle
64.06848869857905,-27764.429885483318,-1116.515702723732,shuffle
2.090398881677414,-46513.5350078585,-1184.392688793188,shuffle
173.88645893435768,13493.48483107214,-212.8206545539315,shuffle
46.62574130656262,-30319.923283825163,-1130.762504085159,shuffle
3.516269243860161,-18500.460903307125,-1112.3469870236995,shuffle
412.1406862371444,-1783.4533004414084,-598.4730883351021,shuffle
51.44592708213041,-27145.659438688373,-1112.6183571166084,shuffle
1423.6838357461922,6737.833610997255,-36.340610832997754,shuffle
3928.6729242769547,23895.269060209008,3213.4727092048192,shuffle
3075.3662737747964,23369.290488283037,3036.5505916146117,shuffle
89.82285831098186,-20172.985152636873,-1052.8769880605173,shuffle
72.02543293928873,-20042.931170431148,-1051.4256304242308,shuffle
5.0308664839215576,-29154.31599800311,-1158.132752159328,local
74.13367505851174,3651.3218996569112,-737.8100358092388,local
1311.9965176317073,14613.870718700091,944.8130065331604,broadcast
2557.132415082061,27815.148238590446,4787.137428146815,broadcast
271.00086375462513,20294.073569929755,471.8646528581148,broadcast
1484.7103626858525,14934.9127948827,998.9900908066438,broadcast
285.02379306608134,-2477.1106063462007,-629.8626976705209,broadcast
204.33111615898594,-11901.71936432434,-923.9469799407989,broadcast
4107.026926271686,29865.8304205475,5822.91368113673,broadcast
3.746643204672285,-29397.762934028808,-1158.7980234612705,local
1.2326722523985987,-31183.195383204024,-1163.31009983897,local
22.09939192541542,-7787.637386991555,-1006.5347857699758,local
23.65359306987838,1440.3602365631455,-809.8884008120717,local
20.660113760519234,-11635.466846018106,-1054.954958505799,local
680.8573316378621,40506.45833918071,6842.335755496351,skewed
5391.636534563103,32075.59153150403,7140.634910618661,skewed
2727.5684891869546,21542.837442617336,2475.5247636303056,skewed
2420.8479799524557,19122.417908448104,1844.952636706726,skewed
1852.5672723265495,20339.104109148928,2147.0796921286524,skewed
1378.5901358265155,12367.399991707467,601.3462378461868,skewed
25583.99441129412,50864.19817410852,34806.413398116245,skewed
71.40500905257657,1472.5334310715994,-808.9260298661052,skewed
1977.7347133034627,19501.82161390393,1936.1136371525822,skewed
8.31829199924887,-24076.14701827428,-1140.9497324484719,local
17.698771783276204,-8741.842072425503,-1019.9270707272635,local
323.44906145175173,20598.654433193282,511.83431775458257,broadcast
1080.1856618877346,10560.962753637034,365.57870566881957,broadcast
992.6145751406823,10368.21336729601,342.3247063918934,broadcast
144.4648106298775,-15478.980139576643,-989.9589406309951,broadcast
7829.321417216374,31984.151158145567,7081.492577684661,broadcast
233.38315783605677,-12365.773700060123,-933.5830522622223,broadcast
32.76116622134702,-5659.84548011365,-972.833231163997,broadcast
27.10205329354228,-7498.457746572361,-1002.2757284089626,local
61.38037017592912,1546.8443332446113,-806.6939907770111,local
49.56956983967821,-307.29215949772606,-858.7024360761329,local
7.376652307035528,-30310.922885256034,-1161.184022177321,local
2152.4593062344184,20421.31332334183,2168.544737974424,skewed
32699.23082262718,51662.29462989421,37114.68640057114,skewed
385.7975498396764,24830.92458194186,1177.5125585167148,skewed
4481.429662936418,27382.763401416763,4589.069954871962,skewed
1963.6393280308203,13495.003441595118,766.2415496701065,skewed
143.87169715910048,10617.744305243194,-409.5775245436175,skewed
1187.0424952498538,14865.892752664398,987.2281405092492,skewed
16685.650008206845,45464.097787802166,22448.127987066513,skewed
851.0448177078838,7613.373982520465,45.43794512529166,broadcast
5844.516641021578,33292.75309581199,7969.333049600022,broadcast
97.49181704991527,4414.246859222774,-709.9156891484031,broadcast
1198.9220208893476,13823.18287691873,817.0165841808839,broadcast
456.66909038931124,156.42346738150718,-501.1304020507623,broadcast
103.64026223518621,13894.941219694438,-181.6790681255734,broadcast
3.72042036325553,-24357.10889801975,-1142.0882371243997,local
24.545644491777196,-13640.062829965102,-1074.9858914431743,local
26.492593077481757,-9701.04679454236,-1032.423134764566,local
1776.7891025628935,15627.15392165489,1120.5205393236308,broadcast
1711.8955617786542,16962.339399114622,1374.262548543839,broadcast
4020.965685164852,28310.169680463176,5022.238079783466,broadcast
846.1771155240532,33826.32086519093,3583.232926815615,broadcast
707.2986588309623,3740.5668810528914,-277.6130100722985,broadcast
1278.9087143164102,16991.016612037023,1380.0070541629068,broadcast
9855.821086716598,34005.43831038865,8492.293997870858,broadcast
24.329821720756662,-13136.590615435247,-1070.2450481389947,local
18.399737888519308,-14896.49693864702,-1086.0370646769325,local
66.81432933002644,3552.5219418294405,-741.302710618867,local
24.994826022809086,-11431.165990332205,-1052.732382053874,local
19.220150771982098,-16666.031020932518,-1099.8770081844195,shuffle
18.205968218672247,-16354.281243398475,-1097.575035049931,shuffle
8.631741765639408,-14154.228667204401,-1079.6393741783627,shuffle
13.368217324397685,-17477.573743329907,-1105.6138682557985,shuffle
6.161328480875069,-21925.075857969136,-1131.3565589379214,shuffle
193.77323894088428,14349.759149502035,-145.2017432259745,shuffle
1.500252905276152,-41578.64964756499,-1180.096686844669,shuffle
31.617656085554277,-9144.496386965106,-1025.2865351037126,skewed
27.155750196066553,-33809.426900082304,-1146.158765731011,skewed
66.83410507062548,3670.5697073967085,-737.1264742903313,skewed
327.9996700303932,-5580.351904162997,-751.274562149928,skewed
2819.742439991225,17640.3172736584,1513.5654183900815,skewed
35702.45608611395,52804.88433516029,40679.27070676725,skewed
1709.5994476303126,8614.464741825052,146.03678213912372,broadcast
236.47643292686095,-7048.300864373488,-799.253036354527,broadcast
1251.2769939173727,11725.184796918757,513.7039203117015,broadcast
71.540588992411,10206.217812019022,-434.3009124034884,broadcast
498.3864639641486,-5634.1887589830785,-753.1327479280817,broadcast
5089.7674670741635,25024.033283001412,3618.519701005937,broadcast
454.90535768867255,4741.087165466251,-203.2475156792184,broadcast
515.8263365567796,-3738.692602280565,-682.7825623095264,broadcast
3.1116849665659183,-26224.787301286127,-1149.055046290449,local
15.375861517700775,-18059.027409572005,-1109.5069166263524,local
19.18943845267093,-19491.49144932431,-1118.3783697385484,local
34.03612777197841,-11718.38397069471,-1055.846970309272,shuffle
31.561124367098206,-10400.79701675584,-1040.968052117521,shuffle
26.277076216712437,-11386.123262663437,-1052.237589913278,shuffle
7.573162841980782,-31365.80651124948,-1163.737208341954,shuffle
810.6957036963798,8671.621801914316,152.02052381053045,skewed
18675.385623122216,48048.23180802091,27717.954568635887,skewed
2790.3471873431945,26285.82576370627,4115.506594332016,skewed
859.7469702626025,43870.50228609282,9248.687337554742,skewed
169.8217652094297,13727.522861549458,-194.7843988703621,skewed
21.736939600765304,-14090.713302640566,-1079.0745601844046,skewed
4145.145350884657,24033.098598660614,3261.0447619675465,skewed
1325.2183830473193,32537.736242557214,3127.210301123833,skewed
9.776844325415135,-21482.156814376365,-1129.1738014233283,local
13.171815935863513,-19378.053922594325,-1117.7113452683147,local
34.60284020432382,-5848.678356618333,-976.0549670996261,broadcast
179.68738126469466,-12525.202095808356,-936.8140310180333,broadcast
1558.1789361611804,18444.820204393636,1688.694709172253,broadcast
419.8967556513995,-642.6047696240539,-543.0134455220136,broadcast
916.8224175160615,11473.01443358554,480.47114397537644,broadcast
1596.6724259564896,13335.85549692312,742.0818769763769,broadcast
747.2745937405828,1962.662419162922,-396.2753291933077,shuffle
230.2435235694742,-7193.521807144167,-803.7081101182639,shuffle
16.605433975881258,-41699.42925905777,-1168.794549273101,shuffle
88.70147041163065,-18772.490057015944,-1036.4474055739765,shuffle
33.423191625422575,-27169.717873219284,-1112.773424433004,shuffle
171.6199225453334,-13203.581473850938,-950.122342811313,shuffle
521.7813833672903,1365.480465909267,-432.58690580491475,shuffle
45.057918003841564,-24783.084784518407,-1095.884186188232,shuffle
19.170822557523923,-34389.970224293094,-1148.3383370347133,shuffle
56.54749843431483,-23861.28218958935,-1088.473295632079,shuffle
74.90731353200472,-25409.439518073363,-1100.6247080063822,shuffle
13.312486345510063,-15651.675889796674,-1092.1774444748598,shuffle
344.5454939767395,1793.2859666238226,-406.74634689188633,shuffle
209.4692165291092,-7407.687980243569,-810.1870308066045,shuffle
143.21903280720673,-16925.766209195557,-1011.8544709817916,shuffle
271.48754530102246,-1543.1390227604202,-587.1968091876979,shuffle
126.58912659643333,-15019.9267594598,-982.4801376542832,shuffle
16.847437840427613,-16164.741831530211,-1096.147907503239,shuffle
402.5433672749723,-9154.95826428448,-859.1962113192844,shuffle
50.551338154796525,-31692.845497697388,-1137.3233033170532,shuffle
112.5229577122675,-24104.452522461008,-1090.480218856842,shuffle
5.739957396996963,-32732.38233555889,-1166.7478010747714,shuffle
91.36216520538366,-20642.47654853031,-1057.9957335569625,shuffle
55.46683633746324,-30684.890876235484,-1132.5755784657285,shuffle
624.8181836292358,1080.8706205754333,-449.3073813700644,shuffle
15766.177689063366,37710.68013022462,11732.231192642555,skewed
4453.467342402035,30702.748869083745,6295.510009365808,skewed
6902.604238548676,34621.20653205091,8968.10707610185,skewed
1754.1245012889208,15918.659371758109,1173.6902732142403,skewed
1879.8566298140258,43461.130983261486,8921.082413454787,skewed
4775.95671063843,29130.546705445166,5432.37724641693,skewed
8464.104123562116,34018.38373728589,8502.06414869384,skewed
19.46986906128841,-14509.553928250147,-1082.748113578688,local
24.15620212252673,-2669.1293827181858,-914.9537225286931,local
3.809142914827402,-34522.81968458738,-1170.2371537031008,local
8665.561686469466,35198.66887243256,9435.533328642017,broadcast
848.006854256357,3155.332777741417,-318.50052789270967,broadcast
1138.124144420358,5838.929053613903,-114.69778661203827,broadcast
2078.9043888188608,16164.037071895156,1219.3915037785648,broadcast
1018.8562696830869,6768.967326450143,-33.52720198945099,broadcast
648.9901536392334,33327.42115942139,3401.2276534906796,broadcast
307.11689003572087,22507.21388518333,785.0735956757176,broadcast
46.78064224563094,-28197.7959794619,-1119.135593471477,broadcast
1837.380128358849,12775.443063848488,659.3518812910661,broadcast
1492.9361551704505,13489.684453826876,765.4292482842607,broadcast
29.497909144039152,-5642.860175893231,-972.5411108285248,local
29.446761157123767,-4051.4618725868454,-943.3843038535229,local
378.8564627118631,-5048.89673427699,-732.5072112423304,shuffle
201.2098994665818,-13614.527566211395,-957.8488768730203,shuffle
193.31660816746566,-11355.45315398634,-912.1484652287554,shuffle
59.64777247120911,-4544.2235677712,-952.8015249841742,shuffle
214.35067204998992,15445.57957965383,-51.82208118633298,shuffle
0.24658293767050407,-55324.61830852482,-1188.9448053962237,shuffle
74.02725950835084,-19521.502223140367,-1045.4567994175372,shuffle
152.55543733375586,-17742.08809116824,-1023.1626078510558,shuffle
21.139104065863563,-4944.220787187602,-960.184625727727,shuffle
85.84120497509292,-26191.763838982988,-1106.2300038087951,shuffle
59.038193137540006,-4808.251205316854,-957.7006700942338,shuffle
79.00176443531407,-22598.080529351366,-1077.4138994394425,shuffle
158.79228067068897,-19099.029908662473,-1040.439826052649,shuffle
625.7824492847728,6208.7622005975245,-83.12217627392874,shuffle
18.721202901289278,-15506.1887551255,-1091.0223940864603,shuffle
273.1167903933732,-6098.234338284787,-768.8304815091565,skewed
9309.537443613866,36111.18696660625,10218.38328197475,skewed
2340.889729659939,43360.366991168856,8842.033543781487,skewed
2101.510146137334,17299.421492550486,1442.6030778526006,skewed
3806.438948374261,20879.294036228817,2290.6725019465525,skewed
3038.923057879668,25747.75404018018,3897.5896171923055,skewed
212.38891518109165,-13565.329113679085,-956.9368312610009,skewed
20977.240282295214,45962.02608313203,23382.82098113072,skewed
9585.027923461117,43226.53256348351,18667.64181594226,skewed
30039.079412386065,56744.386289700284,55712.314736305554,skewed
4009.7590576951093,29722.125101695776,5744.818378427393,skewed
426.0481403769602,22278.286809023382,750.1161017159411,skewed
10.452233920245346,-21578.67655780414,-1129.6558976972651,shuffle
23.6708970425854,-12465.940806362392,-1063.6343140521358,shuffle
758.318401838689,30468.483665269952,2484.227171909733,shuffle
10.427172357511315,-17878.89318881646,-1108.319640316808,shuffle
2.3329637818399305,-35838.94023222078,-1172.5090765052723,shuffle
35.49079361920548,-11263.692179766571,-1050.8838884489915,shuffle
21.10974764864395,1556.0725209269883,-806.415905768129,shuffle
8.852350093534325,-16795.991530253887,-1100.820261153251,shuffle
27.006265246927313,-19249.360595708986,-1116.9474471493336,shuffle
14.433450866871956,-15108.580375626841,-1087.7981371545802,shuffle
2.3089767445360643,-39691.53697288592,-1177.965336672551,shuffle
26.680190370128493,-2085.8352955864143,-902.0080788052851,shuffle
9.067351257133506,-22146.521615304235,-1132.4199650852374,shuffle
6.306938945528875,-31048.341907832124,-1162.9907702192058,shuffle
5.70129407095466,-19418.45801032117,-1117.9496013263515,shuffle
5.25292677951778,-26758.597272117622,-1150.8670636398197,shuffle
258.1071097310729,18695.155723937987,276.90729331091734,shuffle
7.104309790808038,-23556.820315696823,-1138.7786295024844,shuffle
15.60515737779749,-16714.377899285788,-1100.2290251173117,shuffle
27.49607242822365,-2466.101502698831,-910.5142707214945,shuffle
531.5883690403664,-50.64962557192939,-512.2360349883943,broadcast
1052.2145788411249,14742.858157914929,966.4175114590737,broadcast
573.3633900049973,4685.195860192874,-207.55627556408717,broadcast
1826.2735548610658,11666.36634119567,505.89395997351266,broadcast
3331.0103114221297,23121.817978710227,2955.782510687504,broadcast
55.058265231330395,-1499.9654055491187,-888.399711921179,shuffle
125.22545351047754,12466.67398592388,-288.18074433346965,shuffle
16.44191335960635,-15083.826941845668,-1087.5940885381501,shuffle
70.16827927169376,5803.873096771922,-654.6473946562514,shuffle
11.424827434168394,-21783.677827995754,-1130.6678955430389,shuffle
61.34515476197028,-2149.4391244216226,-903.4484335411471,shuffle
8.419208306381233,-30415.350718250163,-1161.4462288760692,shuffle
8.891699734285101,-20781.25209265955,-1125.562094801253,shuffle
10.115433891029603,-24032.072727994644,-1140.7688651441313,shuffle
24.08239193131073,-9651.56105749507,-1031.8010355931497,shuffle
37.889713610966645,-1735.7167640438352,-893.9504065932515,shuffle
487.9104150981604,22011.68230994889,710.1829011094578,skewed
1315.6327162130945,9750.200099003521,270.0757191807097,skewed
10.511120857781783,-12912.762843909906,-1068.0769992933638,skewed
57517.0480091171,60438.22403411241,74676.91953623557,skewed
6980.021030193731,26891.357394608352,4371.915103983263,skewed
3739.714765994924,22543.860005755734,2773.106099978408,skewed
3126.41042262225,26712.74853732373,4295.0232473306405,skewed
4050.0424202312074,21483.05298083492,2458.47555201505,skewed
369.5756421784418,28515.179534662162,1965.3187526865697,skewed
3114.816437964039,26027.62335061711,4009.7959252971295,broadcast
35.02999139739284,381.1530938208639,-840.2621878169311,broadcast
140.56365485765332,14705.979661784166,-115.71622730671106,broadcast
1171.8830650674574,13919.015649506495,832.0899895582675,broadcast
17437.98847407022,45954.601343174814,23368.615702667903,broadcast
159.01440650168473,-12591.73294671297,-938.1505300359422,broadcast
704.8992851329443,7976.652169881239,81.04033221130567,broadcast
2503.723200578154,20285.850443851523,2133.248170250493,broadcast
9.85005394786871,-6465.530360099405,-986.2551624287744,broadcast
2432.4653259488546,18296.13616983736,1655.4964269911982,broadcast
895.1070533783435,40945.29222657224,7121.6659384305185,broadcast
64.43203351795351,12071.103269975567,-315.64240031955796,broadcast
580.9484219808795,5571.86625970434,-136.94027553153865,broadcast
3403.7079422942966,21201.17218837822,2379.1500458125547,broadcast
36.066938520447714,-29197.716226367542,-1124.8536500647692,shuffle
381.6197000017336,-1561.8557602234082,-588.082652486758,shuffle
276.3324441915899,-5499.799191167176,-748.4796877278327,shuffle
1022.7391692164463,8013.186656867259,84.67687395904568,shuffle
86.51564087710011,-17586.066915784893,-1021.0565114344822,shuffle
106.63368645501629,-9555.88195699838,-869.5319085814899,shuffle
123.44327733606534,-15046.77044081373,-982.9248670253601,shuffle
31.801379065289353,-29693.044128270933,-1127.5254946765417,shuffle
529.511682092786,-2428.073767815857,-627.6989254960072,shuffle
16.758112042363912,-11430.34095345129,-1052.7233346576504,shuffle
195.30863961266172,-11546.386373265954,-916.3295000796393,shuffle
218.26196760011155,-11156.144496777202,-907.7172066796134,shuffle
155.51160588634576,8060.553324714156,-551.1219292311894,shuffle
3.458537153356947,-20132.841686859378,-1122.0407371661072,shuffle
216.82329776981192,-7697.442013320293,-818.7824109153044,shuffle
688.9468904601017,7343.775482678724,19.659900233385997,shuffle
15.45730931518777,-23223.19152706687,-1137.336820207015,shuffle
539.7560744889365,-952.5837005845306,-558.573012189996,shuffle
391.60451093061687,-4127.695150926165,-698.0789654928117,shuffle
235.1531419331224,-9755.692976983684,-874.5637496497075,shuffle
27.953226597604363,-4778.005419399933,-957.1445412559788,shuffle
59.607415945061284,4505.484750187432,-706.4675165566077,shuffle
92.15821918017514,13466.304540952706,-214.89409413328212,shuffle
11.985328242842904,-20605.57226768889,-1124.6255117381966,shuffle
10.782192402703146,-14569.779430856555,-1083.2665541848942,shuffle
7.017627358566719,-25947.23078405763,-1148.0826954103954,shuffle
15.870955278237197,-19994.805690641515,-1121.2678682389346,local
20.714544158436002,-13537.890700619637,-1074.038781005649,local
10.026229107354421,-19640.992070326552,-1119.2484979537344,local
25.04456191942569,-9077.752957280853,-1024.409734957148,local
6.055546127421891,-20245.644244600044,-1122.66618418208,local
47.70262150929406,-4929.058472399271,-959.9089344993645,local
51.603733728804414,-2162.2065734308194,-903.7367029863312,local
4.818887772085831,-34656.083280235616,-1170.477934195394,local
6.655971009068566,-22340.959998438382,-1133.3386799245745,local
10.847714370735897,-20727.330988593214,-1125.275992466773,local
147.62919073157244,9107.060943168754,-496.5798119569863,broadcast
2114.143603942349,14819.487578719572,979.3555328469538,broadcast
94.64614184345214,12489.642227401591,-286.560091648259,broadcast
31.705784657158663,2612.568170000448,-773.221052345018,broadcast
97.47605284945584,9768.140222301752,-459.7632600788461,broadcast
1529.8372138784189,15209.72847172292,1046.454384086282,broadcast
2881.241623257714,21330.75749066249,2415.4011468203676,broadcast
708.8986647743043,2728.691355359604,-347.15534029373066,broadcast
203.29242519744923,-9620.800890497596,-871.1753556296462,broadcast
69.51646482127745,1461.4695097698964,-809.2572480835788,broadcast
70.82620416817034,-1291.7195753186065,-883.4111508982919,broadcast
3217.8053605378936,25718.649179878823,3886.0605325922443,broadcast
596.4306708528537,1733.5089299568851,-410.4089758199989,broadcast
322.9145691360561,3191.0547947319405,-316.05783756121673,broadcast
1784.6913914500979,18676.135030993977,1741.11305067893,broadcast
21680.765651523372,44662.05669697567,21016.724509598836,skewed
1206.7895908543292,37249.112770133805,5042.104709287306,skewed
714.2788343377613,2387.14872370747,-369.4183416366327,skewed
3614.629189163398,24168.345704650495,3308.224412535079,skewed
1025.8931166801501,12958.137666701843,685.9262921918503,skewed
7009.503705636138,34830.88286710603,9135.404210153896,skewed
23.202060395150685,-10787.35604696101,-1045.4926065464992,shuffle
47.96116496697754,15546.367557962238,-42.82661916613915,shuffle
21.552779931407176,-16778.193748062975,-1100.691648298276,shuffle
189.33309161235235,11679.967299146763,-341.9770892803708,local
181.43627684104177,12590.031427418251,-279.4424519877998,local
27.06376167808731,-7428.150019498527,-1001.2256578667525,shuffle
41.75114149123425,-5468.009503665313,-969.5113894937704,shuffle
92.88200374463383,3409.353266369702,-746.3164220110884,shuffle
7.520307496707285,-14149.126333080645,-1079.5941044956398,shuffle
9.345064551713772,-25080.905733858744,-1144.9089850786759,shuffle
19.537273880656365,-5922.291710221092,-977.2981302622006,shuffle
3.139582889743882,-34661.22120719902,-1170.487167467521,shuffle
257.92756298732814,19279.744601613165,345.3883778588288,shuffle
163.25055812618177,11455.221728892964,-356.75002823250225,shuffle
4.775647239358094,-29789.244335897696,-1159.841734908598,shuffle
54.38671009836972,617.1547366776535,-833.7098361477792,shuffle
10.811143839255378,-20271.37797887758,-1122.808099956434,shuffle
16.52725734151903,-12680.21138688316,-1065.7840675265184,shuffle
22.461097764763718,-9705.383934215417,-1032.4775440065177,shuffle
8.711558766164337,-18167.084604344178,-1110.2111785315901,shuffle
4.762258359878017,-24337.898172757472,-1142.0111828337767,shuffle
16.006953315572694,-20695.241503859674,-1125.1051564468935,shuffle
2160.6661314128305,21128.764587675672,2359.052963345175,skewed
1040.6739802819177,16100.570002327895,1207.4870119588568,skewed
265.94694736761284,-7863.389212960596,-823.6184996572642,skewed
1942.1424523887886,19391.18199424832,1909.2510369851398,skewed
13905.801521899646,45081.37539217919,21753.9277864098,skewed
5.285850800032979,-23775.835431217474,-1139.7049627356614,local
35.249601005325786,-6627.254447266952,-988.8493360797502,local
4250.504969304695,29043.0471122407,5387.374148623849,broadcast
2900.0699212483523,20987.05397145171,2320.046863781654,broadcast
1668.6695026629247,17056.250257057956,1393.1222748010257,broadcast
583.1945804246429,8689.124170591578,153.8581696295755,broadcast
444.80721538466014,4042.288471290114,-255.79391581097252,broadcast
1525.3011988871394,13577.973739077615,778.9561997437677,broadcast
135.11870325133316,13840.640258253576,-185.94842327227343,broadcast
736.8901993159511,7225.688030213114,8.538108622733489,broadcast
336.690034039334,-4196.061558670221,-700.7197336524168,broadcast
1903.3732321992063,19555.940986238005,1949.3380036394942,broadcast
3076.6378137327783,24892.658929894456,3569.5261497188344,broadcast
106.26517610693591,8283.566761316017,-539.8685706715019,broadcast
1274.1240473022463,11595.502375306552,496.531970613009,broadcast
73.49229513421422,7659.288662613209,-570.884291190408,broadcast
382.10266909367215,24701.162103871626,1153.6759511552261,broadcast
12.205682799267825,-17189.749439034807,-1103.6205710998934,broadcast
4456.892833796616,28582.647522079304,5155.565440552988,broadcast
1782.0505407529365,18515.168015822866,1704.5364684943706,broadcast
81.361572001032,3574.112466099346,-740.541757168086,broadcast
310.26100101016846,18060.43186849357,205.9992891273141,broadcast
154.35187658642775,10942.51215215084,-389.49928688023056,broadcast
1295.6418309253022,13008.742087752256,693.3542198860264,broadcast
17.059732808531244,-15947.949757589578,-1094.489549857698,broadcast
169.22676286772602,15028.621499684148,-88.29503657053283,broadcast
35.00848364982981,-7889.223192366157,-1008.0083315486918,broadcast
995.9474105952678,9391.783272310156,229.7404556035258,broadcast
4884.693361455977,36716.031975849684,10768.792582946486,broadcast
496.95635056887596,3840.820147911266,-270.41995280174297,broadcast
3743.7212080034788,31462.569955018145,6752.075394760351,broadcast
75744.32366525273,62908.351943001064,90767.80994261423,skewed
437.70168236442197,23777.05173998849,990.7118548650885,skewed
1721.734427939901,17229.680621545693,1428.3161667851791,skewed
90.59358747575362,5079.352392636991,-684.2084765287786,skewed
115.59044386764592,18231.575818706697,224.77484130501762,skewed
152822.85083542942,75431.89022815751,242650.0046505222,skewed
11236.5164130479,37433.0734162642,11455.786466875885,skewed
347.7351871956297,-5372.395272965685,-744.0233084418796,broadcast
104.57298161152332,-19128.11903402848,-1040.7905828579678,broadcast
1239.2685511109064,6919.035857881976,-19.87012706880205,broadcast
1774.499933647053,15602.632265575845,1116.1026492264896,broadcast
1006.8431391607287,12645.1210359808,640.6251740849502,broadcast
443.096029492824,-6338.364699491927,-776.7336231016302,broadcast
2610.640862524468,21694.74602075428,2519.204474789327,broadcast
892.442002371179,2684.647732686639,-350.05962644583815,broadcast
1311.573725555266,9163.971967693686,204.68217115559992,broadcast
4407.350657131789,25906.762882981966,3961.0399527931304,broadcast
857.2192341922794,8449.058760674005,128.86981117028108,broadcast
2480.708544373794,21094.31850669487,2349.5319860247096,broadcast
256.02820304449614,-4180.655027633651,-700.1258567482905,broadcast
8568.741739521773,32240.31818604509,7248.246170227285,broadcast
54.908695162170346,-1432.6374769964482,-886.7957010643377,broadcast
2915.443267588644,29150.267960502708,5442.562762445571,broadcast
24.610967732844422,-6255.293662498314,-982.8336035524449,shuffle
622.8173002418272,7893.00872357196,72.75354637835198,shuffle
441.2075004014549,1833.0461271881754,-404.30072427440655,shuffle
142.09828788651677,-9523.067255605918,-868.6980259111565,shuffle
16.497540770376453,-39545.94877627582,-1163.9241404929608,shuffle
170.1418870127702,-9590.19327374076,-870.4015473847621,shuffle
56.74093226004947,-26326.615709875103,-1107.162175175169,shuffle
42.23238073301934,-5573.522716303945,-971.3446005259557,shuffle
40.28915036711777,-2803.782831198941,-917.8596116535468,local
29.114422716968566,-17208.00051676964,-1103.7482979011666,local
22.698598980732772,-11854.209312608456,-1057.295775220009,local
122.96162237779916,16721.108956333494,67.39687208393707,local
34.16062989717297,-2596.7956843693614,-913.3800999117593,local
341.9198015786483,19372.921465782725,356.59439828870563,skewed
80.01000120751576,6739.85723324837,-613.9044295361996,skewed
7568.181410980517,33036.678275297236,7788.403335030207,skewed
27181.231049590453,47210.834616868815,25892.834428533533,skewed
5285.043069464953,24326.65001500095,3364.0821884178636,skewed
3299.990903135484,19037.24195027639,1824.8545667553037,skewed
7433.1498199765765,29619.396331966036,5689.524595958401,skewed
7218.2864481677625,33778.83824855514,8322.860118493207,skewed
755.5667869589115,4012.437016900464,-257.9755541760742,skewed
358.16434784205074,-6766.972585010197,-790.4778252357064,skewed
79.11409559590962,-1638.3184929910017,-891.669539246323,local
7.621037322948965,-26724.927332233885,-1150.7549830468574,local
132.77469444907928,13275.802622388082,-229.30396015454062,shuffle
28.79227789618819,-6239.5123018847335,-982.5744980325003,shuffle
35.16649627784208,-5987.076516589124,-978.3863196859706,shuffle
23.35723743921745,-13156.04875288652,-1070.4317451581987,shuffle
107.60892647019926,17229.920561317227,118.35714044071347,shuffle
11.960230494381587,-14031.101452158562,-1078.54191125327,shuffle
79.15021727374135,7572.663620085801,-575.0701563234693,local
3.925477294708387,-30645.112526997516,-1162.0156838859843,local
98.82111899943361,9522.829182764355,-473.64663959168365,local
8.552843710507153,-10124.485107708091,-1037.6494169240282,shuffle
47.40386308284469,5304.82280345503,-675.1871783052325,shuffle
13.751179385232303,-14132.566720866462,-1079.4470578880987,shuffle
61.81220838650975,3173.3087334399765,-754.4615391088573,skewed
2979.6657498261297,46956.28765613277,12084.785456712667,skewed
1079.0024427271146,38030.950323434154,5433.511382936109,skewed
5994.503130531711,35700.98579207418,9859.581730192527,skewed
1761.0663075870389,19668.227463809282,1976.9542255533102,skewed
8537.29855192379,30967.694439723233,6451.653983041579,skewed
104.12376090317744,22962.24960418566,856.436110294203,skewed
649585.1926707546,86446.91764437014,573718.185951342,skewed
645.8302200105858,33579.33516700468,3492.2455132755067,skewed
883.4169852452309,7019.049254251251,-10.679327618347088,broadcast
1696.6554929650179,16552.898204919,1293.6286283732516,broadcast
197.95053468239695,-7256.292499835934,-805.6182445319009,broadcast
1736.7772703535093,15454.175675602806,1089.5356686790033,broadcast
504.36609401241117,31761.600039111127,2873.823104360071,broadcast
1024.7360008553046,3179.0946756663952,-316.87643350772896,broadcast
332.8101495179243,28149.07168485268,1876.539994868746,skewed
76758.20233345499,65131.07416662958,108144.45883558372,skewed
2365.558976090904,23713.272708813427,3151.4335146712656,skewed
142.46534435057052,-11856.889184299498,-922.9975069838943,skewed
16826.43911290955,42590.65386890785,17708.115821357624,skewed
6687.266821205329,37545.111069672115,11566.63649291507,skewed
1154.5892361922483,4397.266039681981,-229.45859223029538,broadcast
1151.1584030136064,6428.97497312049,-63.88437930302689,broadcast
118.09351499456592,14892.564477908018,-99.94251741704375,broadcast
349.4514307472647,25258.05055576731,1257.6961356591873,broadcast
392.63565570561184,-2392.492290321226,-626.1236966265328,broadcast
951.635026777282,11974.364605174802,547.1898358466115,broadcast
376.0724926203616,25825.465997772946,1368.4252378894193,broadcast
83.71724297730762,13471.227492180407,-214.51887375211618,broadcast
5.573879311983727,-17448.95899324077,-1105.4176936527879,local
14.010627103015004,-22610.648253199655,-1134.5901401827991,local
43.17212260502693,5547.843610549488,-665.2846709423793,local
1213.5170555059935,8400.333190054651,123.85475175326292,broadcast
3408.306572288791,27642.9469731298,4707.455283539439,broadcast
861.2860727477081,3392.315445718332,-302.1678274733763,broadcast
361.691816651685,27980.553646739692,1836.5183178755262,broadcast
333.28700163342194,-2601.1836468962106,-635.3007195140094,broadcast
304.04963599235816,20869.251955916458,548.1483755125446,broadcast
6857.780823892501,38704.6835259963,12772.550724083623,skewed
114.10560401571996,-14892.276640239785,-980.3525430593745,skewed
3959.902253165607,26842.142530868852,4350.621056204149,skewed
506.68767510210137,3350.9625534891734,-305.03959360214867,skewed
2060.4895999429027,15732.752745530768,1139.6421930212332,skewed
2930.6273378406186,49816.18327808952,15396.775985439186,skewed
106.47196524686872,9930.476091537148,-450.428966716418,skewed
8553.597576202728,35187.02408316084,9425.898334887008,skewed
3619.025836341702,33329.430995202,7995.544457086495,skewed
1174.8778957544982,8951.111244211435,181.66669750208484,skewed
44.01501691506142,-6536.224829134611,-987.3931737838589,local
22.610388014988985,-10892.2190037416,-1046.6966935223695,local
35.73768050449383,-11644.703180977009,-1055.0546070835007,local
25.762089826402594,-8752.733860264829,-1020.0742661881104,local
11.928776050378167,-16106.34374577202,-1095.703940724271,local
29.231380149508013,-6569.647221779676,-987.9290171323119,local
23.1080106172977,-7889.2298671269145,-1008.0084279865223,local
10.810030457840773,-9358.444625106566,-1028.0666283279365,local
44.10911128463623,-1484.5268266597836,-888.0326481292482,local
3.835976987662404,-26237.152697794172,-1149.0978783684673,local
54.928527591320574,-6164.917138508155,-981.3454423029993,shuffle
8.2566029669866,-17545.802546529958,-1106.079865718616,shuffle
6.387508360417489,-18848.966169245363,-1114.5212330994063,shuffle
29.24765862711576,-3743.438124351747,-937.3114390086193,shuffle
6.055103090341289,-19591.40381899226,-1118.9610047841988,shuffle
92.9891202254844,5373.205586778381,-672.4196650305694,shuffle
16.06411844685296,-21598.09400644298,-1129.7524468605961,local
18.191622223083055,-13606.77868623068,-1074.6781827445761,local
20.98009279769934,-7197.779481662874,-997.7444372016525,local
260.9526780543319,19009.31213052788,313.3211617462521,skewed
2439.6050586070824,16014.276777233652,1191.3951122377498,skewed
58992.05783334277,61621.67114699747,82000.75379292348,skewed
267.48146274946936,-6344.1617949191805,-776.9225956118889,skewed
2024.835809917863,22728.740744134157,2830.649929866728,skewed
593.8157995993766,29626.552889696126,2250.8556959630037,skewed
228.99329669977806,-7686.3957234958,-818.4582725815058,broadcast
2435.675018733927,16592.706039481167,1301.3559101756423,broadcast
689.9874108006181,7344.2263249283515,19.70255802259453,broadcast
2880.2711519118607,18842.903648992502,1779.494571467239,broadcast
1335.5163721068004,16362.524667766147,1257.0037127767914,broadcast
82.42120650192649,13369.90174809454,-222.21286729830263,broadcast
3087.0752235291197,26368.738448662447,4149.905179158815,broadcast
177.87225803080526,-9781.351558968789,-875.2042561530488,broadcast
2273.083378739498,18739.143080965092,1755.5557001456573,broadcast
66.34942780474476,9264.01392260318,-488.00963017387585,broadcast
2707.472199999358,20063.389153858203,2076.0847510660033,broadcast
8.602247005758969,-14695.525262589776,-1084.3412092163426,broadcast
278.5215169614504,25383.00788989284,1281.6628010546367,broadcast
11510.457677120232,35097.581826864174,9352.183615631695,broadcast
34.79054409032303,-8423.819628212414,-1015.5737021664086,local
21.752307465144344,-13582.296596189162,-1074.4513386169365,local
23.511569068380815,-16533.07483605576,-1098.9020839917926,local
4.166367576656466,-24442.48149299534,-1142.429276083763,local
11.516800351723415,-26750.213836630868,-1150.8391843028949,local
765.9881036646439,35836.156369395125,4392.450192610751,skewed
726.6961619197,5290.585804992088,-159.87211666837493,skewed
2542.4009184000074,23381.127912932807,3040.4531353781877,skewed
766.8910456619753,6843.526123701557,-26.761881725144576,skewed
1933.8946415713785,17468.77818563253,1477.6216677866303,skewed
6851.2050484421125,39760.32049999737,13969.189313927398,skewed
856.6977074249281,36499.26328960142,4688.447598975397,skewed
884.2515185425117,8706.007449592056,155.63318932570792,skewed
2313.0482605730213,21332.386068636795,2415.859068027271,skewed
2323.531275088834,22682.803925687025,2816.274733750718,skewed
47808.565548238854,59578.10410657713,69761.92319558466,skewed
44.55275620820813,-7299.279253666544,-999.2859387312774,skewed
40055.302600140625,58043.51508392771,61770.14714689853,skewed
545.9018412404155,4710.353525205053,-205.6191469886544,skewed
852.8939628533827,4119.846861866577,-250.10194424883366,skewed
484.7426778928375,-342.5220312045544,-527.588604371038,skewed
100.03547346482848,6311.355883479133,-632.9257637652913,skewed
181.67222381350985,18574.790391829476,263.1900731080609,skewed
4315.236484969523,26055.154764175204,4020.9666044758437,skewed
746.5997315005241,37695.20880175996,5262.507990308187,skewed
192.50092266284528,6614.87275482802,-619.5182477971052,skewed
8264.79290143509,34797.94556859944,9108.942939838358,skewed
3158.7228183878915,52878.999431566204,19864.988212309618,skewed
2478.418331763731,22827.255060966887,2861.65233969644,skewed
1121.0540297438022,6624.9756012606385,-46.48208148054027,skewed
2984.9365241675146,21793.534489131052,2547.8885649267754,skewed
8859.891333074438,32031.422399633087,7112.014366147241,skewed
241.90187013354154,30199.968292847814,2408.1304250943754,skewed
105.22006992988584,7576.177328596059,-574.9009169462183,skewed
20.804243799662252,-16280.992644570304,-1097.0257083120623,local
5.343141766186104,-27237.363847658093,-1152.4293928820243,local
87.2323586897717,-598.5931114775053,-866.2122790051562,local
28.025586833096668,-6877.209465633348,-992.7950849471777,local
37.20005168761258,-9464.827284301677,-1029.4318447290934,local
29.353793628052003,-4246.103218250795,-947.1473462638287,local
14.630317715004733,-17300.719329330757,-1104.394377445638,local
36.51001813346496,-5944.739561479026,-977.6758081397793,local
15.56622847007111,-17648.893458916064,-1106.7792890804499,local
19.572732650797377,-21004.10708349708,-1126.7318913680533,local
22.615832524929907,-2328.4497200035526,-907.4641759594306,shuffle
39.74435074728621,-8826.734331034524,-1021.0710361504971,shuffle
39.62303771647481,-4774.613553903426,-957.0820933591485,shuffle
12.620556620597448,-16595.697459837418,-1099.3625327067857,shuffle
21.489288770913547,-13966.795242754097,-1077.964538004138,shuffle
14.460022203102529,-15564.448251341359,-1091.4864987950732,shuffle
4.892098694249864,-21244.951803086184,-1127.9735028164941,shuffle
111.31506132226605,6708.450647088983,-615.3202351302698,shuffle
85.94466742375131,7688.525317950145,-569.4651430304916,shuffle
8.090471653395507,-14672.867093647454,-1084.1483432547352,shuffle
25.61713865511815,-12963.265453309654,-1068.569485764317,shuffle
32.69271431151923,2137.962450663679,-788.4713023674876,shuffle
17.705285217333756,-21327.891286890645,-1128.3957139678919,shuffle
13802.373242044057,40363.058191532364,14697.865281344919,skewed
625.6668267545772,35226.60332838768,4133.515633033795,skewed
3129.8923407904654,22633.391677495973,2800.869250092698,skewed
218.24840126292838,21725.347403661344,668.2076846972873,skewed
9155.562143201849,31499.79703877807,6775.146271397437,skewed
452.9535761649272,32204.59388496077,3016.5701185025787,skewed
75.18653307629674,-22526.42290356243,-1076.7533327301244,skewed
18.27876855460023,-15420.4514628167,-1090.3355563157907,shuffle
3.3954531397571985,-33724.75720672435,-1168.741739128052,shuffle
928.6378177683159,10306.747531299654,334.9823329828532,broadcast
1630.7294219092291,15216.878975536061,1047.7029785644643,broadcast
390.1552628976695,-453.20885249320054,-533.3201189900869,broadcast
1111.6898566808472,13405.106025901823,752.5577651474255,broadcast
757.2338196681727,7207.283681852212,6.813930518463167,broadcast
1366.4836420107977,16583.621122747893,1299.5902852487013,broadcast
1139.7490100458724,12644.779050036082,640.5762817592986,broadcast
212.99186818301487,19071.0477010552,320.5822480686802,broadcast
22.935769546826915,-13090.141842984403,-1069.798236046273,shuffle
19.00212480695524,-12301.073144361517,-1061.955625721163,shuffle
62.61743687028913,-2882.5856889602023,-919.5461377406059,shuffle
18.580798577034727,-9973.63021266939,-1035.8072200221432,shuffle
29.673901574264846,-7603.552349859423,-1003.8346733220851,shuffle
12.549891148941935,-16523.72404487528,-1098.8331370698925,local
102.84832893082998,3557.9479982281546,-741.1115907465132,local
95.24137071349755,10321.486675133348,-427.45555866462337,broadcast
1814.1609716241219,18213.585545844813,1637.2297225240247,broadcast
1298.3088401850691,11890.202752247253,535.8070455419625,broadcast
177.22298084135323,-9481.533263017713,-867.6395101123703,broadcast
930.9122521652815,10447.041138922812,351.7926202920826,broadcast
312.5883467407633,-6147.456632201043,-770.4625424968726,broadcast
2616.848812652088,23659.59781385427,3133.303983020728,skewed
8466.746853330245,33338.520513503165,8002.051751562318,skewed
7815.565999600594,34411.3797094212,8803.401969481274,skewed
142.2432612254375,8380.572565090226,-534.9122960647801,skewed
31366.423165018616,54351.98678220157,46040.13455197957,skewed
18618.925434731984,43397.95809551464,18934.55306502596,skewed
6.312004909604105,-32499.01397796723,-1166.2561003113756,shuffle
161.72151778133704,13497.5999359172,-212.5063524633465,shuffle
15.067922484693346,-16954.684652482203,-1101.9591863105884,shuffle
5.577078376794914,-26043.745723073793,-1148.4231974947274,shuffle
24.317969659545042,-14076.138086517962,-1078.9445547203145,shuffle
18.617427401854897,-14508.972216534678,-1082.743094151855,shuffle
55.69252604454753,4802.721061251095,-695.0625822432535,shuffle
104.29896904517273,13254.280088049574,-230.9185608011935,shuffle
18.39359210022836,-14375.78947575317,-1081.5878921741014,shuffle
46.72509228208045,-3861.565428446926,-939.6576206385034,shuffle
4.893209910453549,-27159.17634915525,-1152.1782108781767,shuffle
89.67022171568144,2767.29528004812,-768.1262282854573,shuffle
3.3435199626606353,-28458.130990061858,-1156.1591788112119,shuffle
15.058263029108403,-11361.40982913664,-1051.9653758918957,shuffle
21.555073515790603,-17021.415353800236,-1102.4339188403374,local
53.011071087785936,-3403.3940420111653,-930.4359347756608,local
317.7458187058221,121.20720844551897,-503.03176085258247,broadcast
2599.081172580318,22532.228321774885,2769.5133806526633,broadcast
7158.446837198843,32458.117599358346,7392.663923857466,broadcast
10583.11695314619,36511.39198429054,10579.661301709739,broadcast
3182.068570028143,26422.725887677527,4172.423013480049,broadcast
1610.3621199791019,12981.993197710903,689.4242599468917,broadcast
7931.70782512676,33492.7714513187,8113.186992342144,broadcast
148.0544979117298,11733.018371157423,-338.45206813191044,broadcast
107.03684508667145,-15143.744053012988,-984.5237428622395,broadcast
1906.3684310629465,21539.87037628063,2474.6767486567414,broadcast
40.323396408376176,-5030.275469542232,-961.7431778771456,shuffle
21.57869995312833,-5470.499445219624,-969.5548240594358,shuffle
41.86886052918059,-5476.351708989916,-969.656877857864,shuffle
95.59208547637532,2819.7555914250966,-766.3848445787476,shuffle
26.69369240856184,-9625.826254628546,-1031.4765674441046,shuffle
3.3142815930237406,-31607.55560236924,-1164.293373049834,shuffle
194.38734317669858,-15157.65805892422,-984.7521646006812,shuffle
114.73277205174297,-20404.59531930905,-1055.4255627007801,shuffle
138.21391784020662,-12739.437594848821,-941.0930492408193,shuffle
244.3295501093516,-9564.963005335776,-869.7622987750738,shuffle
7.778643251469179,-18126.126275172166,-1109.9449300593587,shuffle
118.6348315013398,-15849.23369586979,-995.799278859618,shuffle
85.82318382875513,-19216.08740782548,-1041.8464846675042,shuffle
51.43499362434709,-4353.569195311307,-949.2007012376421,shuffle
417.19766693617953,-57.10117373123876,-512.5791728001641,shuffle
16.51092446885598,-16442.301216148582,-1098.2306492890243,shuffle
225.8704746185608,-8753.285282188812,-848.5125235753412,shuffle
638.5406819569683,5087.354604499951,-176.13110042162543,shuffle
74.61301153114715,-19535.227403260433,-1045.6170378660668,shuffle
332.45015735116027,-4195.737336087834,-700.7072431533002,shuffle
606.775238694881,-777.8455054072265,-549.8481354165497,shuffle
35.74409105172513,-28350.352073581184,-1120.037025301342,shuffle
276.78597646714314,-9263.618292977955,-862.0293848641368,shuffle
48.754022422190104,-26449.285579126095,-1108.0016779175157,shuffle
391.6763851735059,-4702.767241506639,-719.8599802117569,shuffle
77.17306820047622,1342.7693088737312,-812.7928556131824,shuffle
443.55943380419535,3293.6491281031426,-309.00448640863306,shuffle
82.87617935493071,-25562.98845801551,-1101.7519714132632,shuffle
213.45328164177383,-13921.668307833837,-963.4643659180683,shuffle
178.95860290400947,-15446.605718834993,-989.4402199729493,shuffle
112.4087288711599,-14881.415061781607,-980.1705307324746,shuffle
40.08570741869566,-33826.656703029286,-1146.2248814026543,shuffle
283.21996091109224,-13846.57456787387,-962.103796613163,shuffle
1.8699701404159275,-24488.63997052974,-1142.6127238687259,local
33.30434829219072,-4870.357878386341,-958.838526921304,local
5.962582476146067,-25338.793186394472,-1145.8762137238846,local
99.68706415756809,6873.316174182564,-607.8493481263695,local
1.5752666364541368,-42698.07803110007,-1181.2206834996027,local
107.04272103826348,8496.724445938144,-528.928339351668,local
6.815411577683612,-18898.28952852776,-1114.82421199995,local
3.032801380335489,-26722.018994408558,-1150.7452879694943,local
40.66634266686254,672.6395654363314,-832.1517941786119,local
2160.4596866276997,15968.735638134916,1182.9461214038442,broadcast
385.9743256572077,-5752.7923967984425,-757.1989881656705,broadcast
3866.741009963226,28360.848657769504,5046.822380376951,broadcast
1150.0009378819545,4893.777883691579,-191.380278177337,broadcast
547.6212124009672,28275.580778891846,1906.9318802765033,broadcast
7.037252359865309,-24001.199372819792,-1140.6418002185587,shuffle
40.817682508492936,-9089.000092458964,-1024.5578065932164,shuffle
30.563566993752524,-778.0024142615853,-870.7534649041054,shuffle
4.944607024934428,-31260.202898600808,-1163.490953225551,shuffle
14.329577675383675,-18909.970565758184,-1114.8957949217765,shuffle
4.763265527754471,-34521.94348923883,-1170.23556231237,shuffle
26.402252345082623,-13386.010686370622,-1072.6168918241892,shuffle
21.076479974212198,-11846.814269195298,-1057.2172884799834,shuffle
55.33024812896256,2263.0118883284063,-784.5076789528039,shuffle
26.290853828619333,-5910.4474572040435,-977.0985883067287,shuffle
89.6099916547279,-23235.362942344484,-1083.1292558174614,shuffle
56.786163361997346,-2781.5808431471964,-917.3825767677199,shuffle
5.402529660382143,-12889.7227403941,-1067.8516749243522,shuffle
122.1032942038402,-16500.66031356728,-1005.674822992617,shuffle
28.620803937289594,-7855.818724430881,-1007.5250710119999,shuffle
79.37712638894074,4216.7975072217105,-717.2945897728646,shuffle
96.70262488664886,-22840.124935033335,-1079.6180997240563,shuffle
11.335826219150709,-18202.68996407485,-1110.4419412644143,local
35.5096179078958,-9943.403063626896,-1035.4354852409606,local
7.710868450164011,-23204.45103451839,-1137.2547149338893,local
17568.84486496633,48327.60186176222,28353.80347850407,broadcast
197.2331381214116,-11776.830912020016,-921.2936605560635,broadcast
1599.2296542944766,20634.621827654944,2224.8852005511185,broadcast
628.8788290889785,855.7557749153088,-462.27263459873757,broadcast
615.2742610872017,9635.169472550077,257.0076156354262,broadcast
729.3815069933223,35729.927061240625,4346.435807008763,broadcast
629.7680009765456,31985.608023624565,2945.390326946315,broadcast
441.72729532555877,-11.441511581931536,-510.1469660515136,broadcast
29.866415521212314,4456.808987800922,-708.3101778558689,broadcast
935.6885526905874,7359.843069414501,21.181107767046797,broadcast
7.8929520470042736,-18548.862693965435,-1112.652494548564,local
65.91048816927999,1835.6599690789105,-797.8952947427838,local
988.3425468464499,9404.24073245945,231.12358368422292,skewed
4405.718895866123,29430.458891012764,5588.976590973743,skewed
9251.0753534287,33872.13628522488,8392.259270441351,skewed
4563.243145822241,26012.23838879115,4003.564006334083,skewed
67.66091098185909,12688.784913666888,-272.3862899873129,skewed
32.32313594644834,-4469.15060996797,-951.3900246629919,skewed
177.3839762045092,12197.308342323182,-306.97259193302125,local
5.9843990841392,-22259.495080032964,-1132.9554532215866,local
20.491766602378057,-11072.896937107198,-1048.7484002147644,local
1038.432154268556,33735.30933311621,3549.5012917721606,skewed
6781.515348140099,35913.2695617026,10043.834602322131,skewed
13458.01070152284,44788.38588939274,21236.295669003168,skewed
17254.691483092774,41610.3009747018,16318.808048858114,skewed
5905.241376033884,29863.925941545807,5821.872985853823,skewed
62127.628416312335,62670.49758452247,89080.27642977922,skewed
20524.084428569102,46386.236725548035,24208.227634625335,skewed
1807.9191059542386,23128.965201160867,2958.093404163636,skewed
2397.5416218461096,20143.882191557594,2096.653928375926,skewed
11.814022449605307,-18562.87881071781,-1112.740748179273,local
12.412814331361794,-18375.43650203782,-1111.5524959106929,local
6.409425773830902,-11494.10445440721,-1053.4208578837001,local
4.732881243170472,-30673.068790618185,-1162.084279675119,local
9.076136404103874,-22727.321863160105,-1135.123460964306,local
17.961598118319625,-9864.760821289294,-1034.4642302606735,shuffle
94.85811845772288,5251.743538776923,-677.3252089811581,shuffle
7.649688657276403,-19948.22390835868,-1121.005174760768,shuffle
23.174829516901276,-6252.516274995523,-982.78802623098,shuffle
76.03873191191127,5005.645017963773,-687.1233982466574,shuffle
17.776988541453736,-12304.233019307972,-1061.9880026529027,shuffle
9.580921347303937,-24427.184288438675,-1142.368334748504,shuffle
116.27861804434313,5073.483644639466,-684.4411826726091,shuffle
26.106827819872553,-12325.87752719605,-1062.2095640850725,shuffle
49.687911097050694,-8524.071006391516,-1016.9576831855893,shuffle
43.75621413328792,-4982.827626599124,-960.8851330656357,shuffle
39.01982698822741,-8601.37638207744,-1018.0175392045098,shuffle
57.14264675042691,-25323.5302816772,-1099.988109715754,shuffle
18.21583452260872,-39075.13842763701,-1162.7461058084723,shuffle
25.710925646300904,-4331.765677025513,-948.785489128175,shuffle
136.5651925550104,-17699.409555829872,-1022.5890393102732,shuffle
69.39576157595155,5421.431510216942,-670.4590385069969,shuffle
218.87555462787083,-13087.878450408252,-947.9019378453568,shuffle
15.45245674521209,1418.3404596257658,-810.5456724153091,shuffle
120.8596518835778,-16794.83531261167,-1009.9729163010757,shuffle
623.9490257300819,-315.2448994955612,-526.1685543416197,shuffle
40.87352549003372,-31399.285259777505,-1135.97880369093,shuffle
84.29552511913155,-20141.112150257806,-1052.5226547696057,shuffle
11.04417878543293,-22875.230100209465,-1135.7926295485718,shuffle
28.220670439527613,-37975.24071986563,-1159.8197267893447,shuffle
105.63434679221818,-17758.729984408477,-1023.3857467977,shuffle
20.61893231859812,-12747.234871891229,-1066.4491758870572,shuffle
6.771952026390414,-28411.819561941196,-1156.0240592903428,shuffle
11.100485678733964,-21803.593334311703,-1130.7653511632525,shuffle
85.97526115546722,-22705.948499214017,-1078.4013424429195,shuffle
104.63326212777051,348.2284536327088,-841.1667744510796,shuffle
226.31626684159437,-14231.205000422045,-968.9894077243875,shuffle
16.822086235658933,-15471.867288723084,-1090.7479965447096,shuffle
26.94918342161219,-10566.134963818717,-1042.9199611946997,local
42.341564197733966,-4630.357633634234,-954.4108615617884,local
10.324586093315517,-19429.096179205902,-1118.012208244998,local
24.05008197335682,-3632.1392664753216,-935.0810477726063,local
272.8550065692033,-4855.716530506548,-725.4906499475733,skewed
13691.22454928653,37630.66882708551,11651.940923978413,skewed
437.2862199946245,2596.181113636993,-355.86320598482644,skewed
1960.017537691292,18131.116716391196,1619.0979820645491,skewed
2936.9294203852933,24952.318708842526,3591.713012855543,skewed
512.729058319368,36382.15682761271,4635.0563183039885,skewed
39.69460627102969,2089.408048927615,-789.9999326867996,skewed
39610.50772258679,59020.67578451004,66747.95962000839,skewed
3896.327697803529,27699.361221183837,4733.442085020728,skewed
2298.6468963343823,16544.17853747824,1291.9392091104028,broadcast
2003.5611699349292,16544.434819214806,1291.9888468583495,broadcast
193.21056947479858,23941.287318042243,1018.8241635893658,broadcast
354.7559694612242,283.2159553799379,-494.24141633668114,broadcast
262.7028401851364,-12453.46630573539,-935.3651945571478,broadcast
3769.234271385129,23863.736304042406,3202.660711596819,broadcast
753.6621195993046,9187.818381593017,207.28439610669056,broadcast
3863.5110386190363,32588.62972442221,7480.384346649531,broadcast
2041.309809442823,14266.209581431196,887.6512949313617,broadcast
2296.778818859889,23402.885077340932,3047.635391820429,broadcast
2.7819595656988967,-34405.78521850427,-1170.0236255292452,local
6.447956389368183,-24891.323706559553,-1144.1854515888913,local
70.37373139800044,5552.248065649015,-665.1034656268585,local
7.089719226168011,-22761.91290194582,-1135.280649368528,local
9.72755870813062,-17530.898759617176,-1105.9782852255585,local
1339.9559720516138,10575.100397280374,367.2981008613742,broadcast
790.3605756479601,4785.193902391473,-199.8339864612667,broadcast
2477.9616789575434,22773.64572401144,2844.752014923902,broadcast
2435.0491315938834,22819.32897670507,2859.1491981335903,broadcast
382.2143693885355,26208.313629590168,1445.9489501788798,broadcast
70.60065655060743,17686.730621138875,165.86131150783513,broadcast
206.18229562496566,11565.919482013747,-349.5059683557106,broadcast
1407.91919595509,19681.982127093535,1980.3537371850562,broadcast
46.67527703280386,5545.294210533724,-665.389528358573,local
10.91245166766746,-21325.70884700862,-1128.384638949582,local
31.633040722565333,-7488.410128240072,-1002.126015541905,local
1.6782839520464279,-35581.82874660752,-1172.0833499894202,local
2.9085522888797666,-38683.366201785364,-1176.6916403537157,local
223.63327467513514,-9275.678087009737,-862.3423535038805,shuffle
245.15996658701488,-11191.555168662802,-908.5095293616928,shuffle
256.1537761558824,-5306.34218546163,-741.6954198782719,shuffle
57.335721439169355,-30231.59176682824,-1130.3158948406817,shuffle
41.865787229265734,-31234.20558067235,-1135.209132257839,shuffle
150.15923205127788,-14766.393746299784,-978.2335911405853,shuffle
11.1592932307159,-18767.97803649819,-1114.0212159436642,shuffle
249.10275362260452,-10066.752857548518,-882.2430176188022,shuffle
779.4452296013911,7256.639833600839,11.443350052146798,broadcast
75.41786453188371,944.6235505848181,-824.4162136472805,broadcast
4425.012157834606,28741.37671225948,5234.547859965698,broadcast
1323.203499474827,13643.425177196395,789.0443191300346,broadcast
1299.0987642220466,9368.146327021434,227.1197755941239,broadcast
1555.4656385574438,15049.478954938051,1018.6538026078481,broadcast
1696.378308413939,36510.50724836121,4693.599617335141,broadcast
1574.009666595716,11248.0373031871,451.3678705960774,broadcast
121.47830329294236,7627.35438285184,-572.4306949809716,broadcast
88.48014072229985,-17649.570418491,-1021.9168204237544,broadcast
17285.282307248006,44481.986790135445,20707.45730170122,skewed
519.0626631174875,29620.426332688316,2249.2129477389058,skewed
52809.19532218921,61213.30054848695,79396.91619097587,skewed
336.6837947170542,21762.307255072526,673.5733495743802,skewed
2963.144883999529,45451.6680409842,10616.80243720841,skewed
