query_id,source_partition,target_partition,data_volume,network_distance,pattern,actual_cost,timestamp
0,0,7,2778205991.442816,1,skewed,8219.379961353516,2025-08-22T19:16:25.720484
0,3,7,3484299327.5284824,0,skewed,4014.968517977311,2025-08-22T19:16:25.720509
0,6,7,928211280.6164792,1,skewed,2719.4352724546043,2025-08-22T19:16:25.720520
0,19,7,14091240825.726606,0,skewed,15172.651584378598,2025-08-22T19:16:25.720528
0,15,7,652152130.1321146,0,skewed,687.5352989470306,2025-08-22T19:16:25.720537
0,1,7,658103953.4521725,1,skewed,1882.36228273705,2025-08-22T19:16:25.720545
0,4,7,1895869496.3079176,1,skewed,4599.409592803172,2025-08-22T19:16:25.720554
0,10,7,99197488.18615556,1,skewed,280.8592113967355,2025-08-22T19:16:25.720564
0,2,7,288658047.6820208,1,skewed,893.1871495009326,2025-08-22T19:16:25.720572
0,17,7,337799771.7757116,1,skewed,870.2765549304183,2025-08-22T19:16:25.720581
1,2,14,284330760.7349899,0,local,277.91124600766307,2025-08-22T19:16:25.720615
1,13,9,70247003.09423982,0,local,60.23857406969489,2025-08-22T19:16:25.720630
1,15,19,38095902.00830098,0,local,38.518471619110386,2025-08-22T19:16:25.720639
1,13,17,20769713.931056682,0,local,21.550027967607132,2025-08-22T19:16:25.720653
1,11,15,36011947.27381385,0,local,34.961501280048196,2025-08-22T19:16:25.720661
2,19,11,35973509.83962216,0,local,42.63680458923714,2025-08-22T19:16:25.720678
2,6,18,64779695.76498207,0,local,57.927876546476085,2025-08-22T19:16:25.720687
2,4,0,149460830.34777847,0,local,131.2139997828303,2025-08-22T19:16:25.720695
2,11,15,80911263.11372873,0,local,65.05532461279375,2025-08-22T19:16:25.720703
2,0,12,17397097.694430526,0,local,17.739579109696674,2025-08-22T19:16:25.720710
3,0,16,137408195.08855706,0,local,139.76293570993127,2025-08-22T19:16:25.720719
3,0,12,58489143.723930255,0,local,56.72801399121741,2025-08-22T19:16:25.720727
3,11,19,14968791.269755524,0,local,13.891271499535245,2025-08-22T19:16:25.720734
3,5,13,41423596.03788709,0,local,45.80257644404351,2025-08-22T19:16:25.720741
4,11,4,92583202.95318273,1,shuffle,228.78123750398055,2025-08-22T19:16:25.720760
4,11,12,90792202.95954026,1,shuffle,261.88786831071656,2025-08-22T19:16:25.720764
4,11,19,33367001.805709083,0,shuffle,35.407982189135346,2025-08-22T19:16:25.720769
4,11,8,184101818.23445442,1,shuffle,603.7405636678307,2025-08-22T19:16:25.720773
4,11,0,28368288.489310533,1,shuffle,82.47331770314788,2025-08-22T19:16:25.720777
4,17,1,91446387.66853735,0,shuffle,100.36739545683574,2025-08-22T19:16:25.720781
4,17,4,40662862.40171263,1,shuffle,119.72375957862084,2025-08-22T19:16:25.720786
4,17,8,21718283.600599147,1,shuffle,57.360984389787646,2025-08-22T19:16:25.720790
4,17,17,147970845.4904895,0,shuffle,168.03924386205657,2025-08-22T19:16:25.720794
4,16,5,61098011.48873511,1,shuffle,201.68819382362452,2025-08-22T19:16:25.720798
4,16,19,94266461.32854894,1,shuffle,264.5554370657168,2025-08-22T19:16:25.720805
4,16,17,94243800.55350804,1,shuffle,326.21652508473045,2025-08-22T19:16:25.720809
4,16,0,63349271.2358407,0,shuffle,73.26117476980059,2025-08-22T19:16:25.720813
5,9,12,35330419.60188389,1,broadcast,114.70270691107643,2025-08-22T19:16:25.720826
5,9,14,529290012.94951016,1,broadcast,1540.391557528507,2025-08-22T19:16:25.720831
5,9,9,531790821.08481073,0,broadcast,426.0937305789853,2025-08-22T19:16:25.720835
5,9,2,389481962.2393235,1,broadcast,1210.1725582457882,2025-08-22T19:16:25.720839
5,9,11,2126820641.0069227,1,broadcast,6049.781583667701,2025-08-22T19:16:25.720843
5,9,7,216155020.79675785,1,broadcast,615.9278711329929,2025-08-22T19:16:25.720847
5,9,1,1211835655.5909178,0,broadcast,1251.6748872409864,2025-08-22T19:16:25.720851
5,9,4,285639132.10925096,1,broadcast,900.9001755680855,2025-08-22T19:16:25.720855
5,9,13,534625761.7538596,0,broadcast,586.4120183471302,2025-08-22T19:16:25.720859
6,6,13,240431769.8766326,1,broadcast,697.6611926814744,2025-08-22T19:16:25.720873
6,6,4,327792664.7683329,1,broadcast,839.4591548720439,2025-08-22T19:16:25.720877
6,6,19,652368586.6220964,1,broadcast,2008.1970375489618,2025-08-22T19:16:25.720881
6,6,14,487652420.3398254,0,broadcast,476.2127220027282,2025-08-22T19:16:25.720885
6,6,1,117815365.51088047,1,broadcast,338.57855179702847,2025-08-22T19:16:25.720888
6,6,17,344390065.2211285,1,broadcast,950.2812993415869,2025-08-22T19:16:25.720892
7,14,5,55879843.31163538,1,shuffle,174.41301950552466,2025-08-22T19:16:25.720907
7,14,3,432972988.24312097,1,shuffle,1321.5952079201877,2025-08-22T19:16:25.720912
7,14,0,84948044.86771365,1,shuffle,252.94692410532423,2025-08-22T19:16:25.720918
7,14,1,9638044.417004064,1,shuffle,28.83747067823825,2025-08-22T19:16:25.720922
7,14,2,69736206.99540792,0,shuffle,86.91392317901591,2025-08-22T19:16:25.720926
7,16,3,54170066.498309165,1,shuffle,167.41065137090757,2025-08-22T19:16:25.720931
7,16,15,63419898.73231109,1,shuffle,168.02446335798123,2025-08-22T19:16:25.720935
7,16,14,205883866.82633674,1,shuffle,664.0948645882124,2025-08-22T19:16:25.720939
7,7,9,144824315.2829339,1,shuffle,394.9625212085403,2025-08-22T19:16:25.720943
7,7,15,267009370.41503483,0,shuffle,229.57863344585337,2025-08-22T19:16:25.720947
7,7,14,118078131.39687634,1,shuffle,431.8278663516543,2025-08-22T19:16:25.720951
7,7,1,24384632.4657834,1,shuffle,69.01120879657884,2025-08-22T19:16:25.720955
7,7,2,72540193.91916426,1,shuffle,206.6639152825426,2025-08-22T19:16:25.720959
7,18,9,13926952.772211393,1,shuffle,42.067320310247936,2025-08-22T19:16:25.720963
7,18,3,22695932.61120652,1,shuffle,71.31238440088164,2025-08-22T19:16:25.720967
7,18,15,26181818.193975683,1,shuffle,90.71948482335418,2025-08-22T19:16:25.720971
7,18,0,30001163.0636647,1,shuffle,87.10482317172884,2025-08-22T19:16:25.720975
7,18,14,148117615.78486952,0,shuffle,129.88634699438245,2025-08-22T19:16:25.720979
7,18,1,82429994.09098262,1,shuffle,279.61431312641923,2025-08-22T19:16:25.720983
7,12,5,13157687.748716127,1,shuffle,40.20186964367098,2025-08-22T19:16:25.720987
7,12,0,85146409.23000309,0,shuffle,91.8033502485758,2025-08-22T19:16:25.720991
7,12,2,19058986.66261436,1,shuffle,49.62699049464283,2025-08-22T19:16:25.720997
7,19,15,110656522.03106955,0,shuffle,113.94285113472135,2025-08-22T19:16:25.721001
7,19,0,84350631.2262766,1,shuffle,261.8188312263148,2025-08-22T19:16:25.721005
7,19,14,33263633.74347462,1,shuffle,102.10858180580331,2025-08-22T19:16:25.721009
7,19,1,88019811.10501046,1,shuffle,245.1963102518482,2025-08-22T19:16:25.721014
8,8,3,21658455441.43935,1,skewed,68054.11308559455,2025-08-22T19:16:25.721025
8,13,3,220861143.97223854,1,skewed,706.0855862413064,2025-08-22T19:16:25.721034
8,4,3,305658032.6547952,1,skewed,989.1477174182248,2025-08-22T19:16:25.721038
8,11,3,7497934117.245254,0,skewed,6882.591921826332,2025-08-22T19:16:25.721042
8,15,3,5594580475.528027,0,skewed,5825.514086978957,2025-08-22T19:16:25.721046
8,18,3,4525935983.957316,1,skewed,16153.237036165317,2025-08-22T19:16:25.721050
9,15,19,51372413.49910696,0,local,47.50028890864658,2025-08-22T19:16:25.721059
9,5,17,26976739.97776521,0,local,24.775949784895293,2025-08-22T19:16:25.721067
10,10,18,60787716.21493975,0,local,62.86150115807179,2025-08-22T19:16:25.721076
10,7,19,86589645.4931293,0,local,93.75219592231771,2025-08-22T19:16:25.721083
11,14,9,491514447.5237673,1,broadcast,1688.873242238586,2025-08-22T19:16:25.721095
11,14,18,372349380.64883393,0,broadcast,473.63471109280385,2025-08-22T19:16:25.721099
11,14,3,907013006.1880871,1,broadcast,2487.8031029576714,2025-08-22T19:16:25.721103
11,14,16,166267334.86661482,1,broadcast,522.8678253885873,2025-08-22T19:16:25.721107
11,14,14,388008271.11775947,0,broadcast,415.71208084674936,2025-08-22T19:16:25.721111
11,14,15,778778811.5632608,1,broadcast,2319.3211504758733,2025-08-22T19:16:25.721117
11,14,1,208032792.59204283,1,broadcast,529.5570082256166,2025-08-22T19:16:25.721121
11,14,0,310434984.5665254,1,broadcast,1011.0617976491556,2025-08-22T19:16:25.721125
11,14,5,600992939.2715396,1,broadcast,1578.3747547598218,2025-08-22T19:16:25.721129
12,13,16,576900823.020009,1,broadcast,1797.3894431068709,2025-08-22T19:16:25.721139
12,13,14,200463464.0264135,1,broadcast,610.6352722529409,2025-08-22T19:16:25.721143
12,13,1,514244154.0128269,0,broadcast,455.46757462585714,2025-08-22T19:16:25.721147
12,13,19,693864573.4780024,1,broadcast,2198.3262752944747,2025-08-22T19:16:25.721151
12,13,3,1433021863.9963896,1,broadcast,4752.102006256252,2025-08-22T19:16:25.721155
12,13,18,122341959.93482365,1,broadcast,332.60527376671985,2025-08-22T19:16:25.721159
12,13,17,812019787.9362646,0,broadcast,853.740223826701,2025-08-22T19:16:25.721163
13,9,11,2855667718.12008,1,skewed,11867.639437694443,2025-08-22T19:16:25.721172
13,0,11,3105174548.4689884,1,skewed,10373.362502608372,2025-08-22T19:16:25.721177
13,1,11,5516462526.957447,1,skewed,17627.40020933725,2025-08-22T19:16:25.721180
13,10,11,821872747.8264847,1,skewed,2652.7510791082123,2025-08-22T19:16:25.721184
13,14,11,413745735.723362,1,skewed,1211.842400566498,2025-08-22T19:16:25.721188
13,13,11,636792667.7753898,1,skewed,1926.0190588186583,2025-08-22T19:16:25.721192
13,7,11,42466775321.759834,0,skewed,34537.1021817662,2025-08-22T19:16:25.721198
14,1,17,3691838042.8031893,0,skewed,3096.4494622541447,2025-08-22T19:16:25.721207
14,11,17,649752579.4021465,1,skewed,2161.5222759727553,2025-08-22T19:16:25.721213
14,10,17,1452308256.4436042,1,skewed,3887.3594775330994,2025-08-22T19:16:25.721217
14,13,17,451030009.92643493,0,skewed,481.68190787123393,2025-08-22T19:16:25.721221
14,18,17,440953529.43341017,1,skewed,1351.4950420159355,2025-08-22T19:16:25.721225
14,6,17,1412119719.8547068,1,skewed,3960.3178494686135,2025-08-22T19:16:25.721229
15,16,13,4139927403.8391137,1,broadcast,13207.095831210112,2025-08-22T19:16:25.721266
15,16,5,64029688.292948164,1,broadcast,195.67064837551303,2025-08-22T19:16:25.721272
15,16,2,250310707.77008286,1,broadcast,814.9440807181451,2025-08-22T19:16:25.721276
15,16,0,219635357.12136137,0,broadcast,217.11533919171973,2025-08-22T19:16:25.721281
15,16,7,803901477.3141334,1,broadcast,2620.498995818124,2025-08-22T19:16:25.721285
15,16,6,146085641.4458414,1,broadcast,423.5971760568487,2025-08-22T19:16:25.721289
16,16,0,40835186.78235235,0,shuffle,38.167304658100505,2025-08-22T19:16:25.721305
16,16,12,383731727.5707051,0,shuffle,399.27216072886387,2025-08-22T19:16:25.721309
16,16,19,18608258.50272424,1,shuffle,60.94871922235544,2025-08-22T19:16:25.721313
16,5,0,548202990.5376536,1,shuffle,1814.4091346510738,2025-08-22T19:16:25.721318
16,5,8,14369666.274862733,1,shuffle,41.02151421678652,2025-08-22T19:16:25.721322
16,2,19,233084393.35408238,1,shuffle,649.7691676355588,2025-08-22T19:16:25.721326
16,2,8,102340846.02832143,1,shuffle,330.8055494020562,2025-08-22T19:16:25.721330
16,6,0,25986026.99939265,1,shuffle,77.49403274524683,2025-08-22T19:16:25.721334
16,6,3,2568243.242564112,1,shuffle,6.915466736405442,2025-08-22T19:16:25.721338
16,6,19,51004878.78717387,1,shuffle,133.9217273768842,2025-08-22T19:16:25.721346
17,15,14,2482200504.561665,1,broadcast,6381.632218694476,2025-08-22T19:16:25.721357
17,15,13,312450155.9012319,1,broadcast,949.6054418303925,2025-08-22T19:16:25.721361
17,15,4,2050343729.70112,1,broadcast,5267.827901587582,2025-08-22T19:16:25.721365
17,15,18,1552548718.8090885,1,broadcast,4662.412354159902,2025-08-22T19:16:25.721371
17,15,16,181813382.65316898,1,broadcast,570.645126696983,2025-08-22T19:16:25.721375
17,15,0,592025162.1480393,1,broadcast,1669.4724382369407,2025-08-22T19:16:25.721379
17,15,15,520240667.7101816,0,broadcast,500.1950874192642,2025-08-22T19:16:25.721383
17,15,8,543487543.5171715,1,broadcast,1738.420562686358,2025-08-22T19:16:25.721387
17,15,2,2369670649.8894095,1,broadcast,6229.047432403768,2025-08-22T19:16:25.721393
18,11,3,554198439.5208157,0,local,446.0140382905164,2025-08-22T19:16:25.721403
18,2,14,56413266.19114822,0,local,59.73215570857294,2025-08-22T19:16:25.721411
18,7,15,86962875.55019325,0,local,81.5477014654609,2025-08-22T19:16:25.721418
19,16,5,394006415.3101523,1,broadcast,1123.7455866276125,2025-08-22T19:16:25.721428
19,16,17,269111202.15537065,1,broadcast,875.9248389710276,2025-08-22T19:16:25.721432
19,16,3,693329203.8339372,1,broadcast,1935.863274098522,2025-08-22T19:16:25.721436
19,16,11,1192836445.3899772,1,broadcast,3688.4767566156806,2025-08-22T19:16:25.721440
19,16,12,1093732634.8909824,0,broadcast,1162.5971961190294,2025-08-22T19:16:25.721444
19,16,2,211768655.48462018,1,broadcast,599.717330740714,2025-08-22T19:16:25.721448
19,16,6,1024318760.9602184,1,broadcast,3260.5203970853854,2025-08-22T19:16:25.721454
20,12,8,64301814.36763843,0,local,65.05625072981464,2025-08-22T19:16:25.721463
20,9,17,235604449.59462485,0,local,221.66676444836548,2025-08-22T19:16:25.721471
20,13,9,113475485.09114225,0,local,111.18109415946216,2025-08-22T19:16:25.721478
21,9,1,52815686.46918674,0,local,58.61895184060228,2025-08-22T19:16:25.721487
21,6,10,149890614.44252592,0,local,162.08436036203108,2025-08-22T19:16:25.721493
21,17,13,242249515.1175317,0,local,242.75833216264584,2025-08-22T19:16:25.721500
21,7,19,129858112.6609856,0,local,125.82904711771843,2025-08-22T19:16:25.721507
22,11,7,90799683.01020984,0,local,89.61798820195322,2025-08-22T19:16:25.721515
22,5,17,72347826.20100853,0,local,76.65365790487043,2025-08-22T19:16:25.721522
22,5,9,28970230.22611298,0,local,35.03192433599269,2025-08-22T19:16:25.721529
23,18,11,177411529.7178384,1,broadcast,467.6112714053197,2025-08-22T19:16:25.721539
23,18,5,1544723664.700408,1,broadcast,5001.04102344873,2025-08-22T19:16:25.721543
23,18,2,905610461.2246658,0,broadcast,962.514087869993,2025-08-22T19:16:25.721547
23,18,0,479259722.7694441,1,broadcast,1308.773803908741,2025-08-22T19:16:25.721551
23,18,7,523372789.2111744,1,broadcast,1463.7959635231914,2025-08-22T19:16:25.721555
23,18,19,1286408074.795161,1,broadcast,3802.4714834787073,2025-08-22T19:16:25.721558
23,18,8,212510679.8550987,1,broadcast,617.0426624536518,2025-08-22T19:16:25.721562
23,18,16,733201745.2716188,1,broadcast,2075.6080880243553,2025-08-22T19:16:25.721566
23,18,10,213208177.2674803,0,broadcast,218.40378788603888,2025-08-22T19:16:25.721570
24,4,13,619836673.2816662,1,broadcast,1765.243428435533,2025-08-22T19:16:25.721583
24,4,9,302914666.28363395,1,broadcast,929.8313976516498,2025-08-22T19:16:25.721587
24,4,10,114023560.77876417,1,broadcast,293.92547296983236,2025-08-22T19:16:25.721591
24,4,3,236522944.6522779,1,broadcast,694.4232893016755,2025-08-22T19:16:25.721595
24,4,16,662087026.7430111,0,broadcast,759.7684478497058,2025-08-22T19:16:25.721601
24,4,6,1143843160.685019,1,broadcast,3376.6461039664523,2025-08-22T19:16:25.721605
24,4,0,476026361.5631139,0,broadcast,428.30332098224227,2025-08-22T19:16:25.721609
24,4,18,476265897.30097663,1,broadcast,1387.5542121992364,2025-08-22T19:16:25.721613
24,4,11,669953295.9203879,1,broadcast,1843.5980586251,2025-08-22T19:16:25.721617
24,4,8,815528163.1393012,0,broadcast,940.5273381686134,2025-08-22T19:16:25.721621
25,4,1,1120297125.0738788,1,skewed,3495.9023214344124,2025-08-22T19:16:25.721631
25,7,1,3713408361.2086325,1,skewed,10693.256447129215,2025-08-22T19:16:25.721636
25,19,1,1845726350.2099028,1,skewed,5544.151688410318,2025-08-22T19:16:25.721640
25,18,1,1526913398.1016517,1,skewed,4226.644495555183,2025-08-22T19:16:25.721643
25,2,1,1368204675.2804348,1,skewed,4309.023102950413,2025-08-22T19:16:25.721649
25,12,1,11628390614.91258,1,skewed,38231.60460610033,2025-08-22T19:16:25.721653
25,3,1,33331665108.444115,1,skewed,92321.9037289428,2025-08-22T19:16:25.721657
25,11,1,4880341115.476953,1,skewed,14909.454805070525,2025-08-22T19:16:25.721661
25,17,1,35213818017.189064,0,skewed,32367.491144778836,2025-08-22T19:16:25.721665
25,1,1,374243508.86400294,0,skewed,351.81162818217814,2025-08-22T19:16:25.721671
26,19,15,7850629.484800643,0,local,7.437878697301745,2025-08-22T19:16:25.721679
26,7,15,30733608.047153074,0,local,31.195822415781773,2025-08-22T19:16:25.721687
26,3,19,92410944.42698026,0,local,109.74881634281027,2025-08-22T19:16:25.721694
26,6,2,169849589.91723406,0,local,160.05090498363282,2025-08-22T19:16:25.721700
26,14,18,26737705.78004743,0,local,28.052984787577994,2025-08-22T19:16:25.721707
27,9,12,17536005.686039776,1,shuffle,62.24295845765013,2025-08-22T19:16:25.721720
27,9,14,213562507.02225628,1,shuffle,610.628022517584,2025-08-22T19:16:25.721724
27,18,12,11838476.09458764,1,shuffle,40.32376400476688,2025-08-22T19:16:25.721728
27,18,2,58554011.20698653,0,shuffle,65.80192222733501,2025-08-22T19:16:25.721732
27,12,12,13330595.185133522,0,shuffle,12.531592605625836,2025-08-22T19:16:25.721736
27,12,11,66005174.584854215,1,shuffle,198.94581244262523,2025-08-22T19:16:25.721741
27,12,5,41863903.77514452,1,shuffle,133.41419021567884,2025-08-22T19:16:25.721744
27,12,2,22575585.001457777,1,shuffle,66.76246495440473,2025-08-22T19:16:25.721748
27,6,12,74053297.74458279,1,shuffle,233.58866087872696,2025-08-22T19:16:25.721752
27,6,11,133767647.38323446,1,shuffle,356.17072411770994,2025-08-22T19:16:25.721759
27,6,5,14159351.246630993,1,shuffle,47.905376210175035,2025-08-22T19:16:25.721763
27,6,2,91542509.95042993,0,shuffle,84.69067632838082,2025-08-22T19:16:25.721767
28,11,3,309711561.49614185,0,shuffle,313.29413865737547,2025-08-22T19:16:25.721779
28,11,14,213531983.29287538,1,shuffle,644.9211564519533,2025-08-22T19:16:25.721783
28,11,1,515551585.29484856,1,shuffle,1818.1453821008624,2025-08-22T19:16:25.721789
28,17,3,51189032.16428108,1,shuffle,168.48722949032833,2025-08-22T19:16:25.721793
28,17,14,125194107.34462646,1,shuffle,426.9857038725638,2025-08-22T19:16:25.721797
28,17,1,25017259.870006956,0,shuffle,26.73357263590482,2025-08-22T19:16:25.721801
28,1,15,189220675.44262362,1,shuffle,467.82506426329246,2025-08-22T19:16:25.721805
28,1,3,20110276.02341652,1,shuffle,48.02797147907303,2025-08-22T19:16:25.721809
28,1,14,50153214.37614744,1,shuffle,161.2557583021061,2025-08-22T19:16:25.721813
28,1,1,294961988.09782165,0,shuffle,297.1475024718505,2025-08-22T19:16:25.721817
28,1,6,334656618.7933553,1,shuffle,865.4118301006735,2025-08-22T19:16:25.721821
28,15,3,11954490.74901039,0,shuffle,11.888086303751544,2025-08-22T19:16:25.721825
28,15,1,96404693.7684299,1,shuffle,288.2685031519356,2025-08-22T19:16:25.721829
28,15,6,8306574.768401044,1,shuffle,24.69763962373038,2025-08-22T19:16:25.721832
28,13,15,17814628.427032836,1,shuffle,57.02287556865585,2025-08-22T19:16:25.721836
28,13,6,94735394.86087383,1,shuffle,257.4942197787788,2025-08-22T19:16:25.721840
29,16,4,39276348.748548135,0,local,35.1161447800593,2025-08-22T19:16:25.721849
29,11,19,61670786.65268411,0,local,67.56122447974225,2025-08-22T19:16:25.721856
30,1,14,300636042.66181743,1,skewed,947.3684929082813,2025-08-22T19:16:25.721866
30,9,14,595322344.598681,1,skewed,1644.3625597547382,2025-08-22T19:16:25.721870
30,2,14,1123207715.0989857,0,skewed,1006.9284987451425,2025-08-22T19:16:25.721874
30,17,14,574796165.9876233,1,skewed,1517.827811968449,2025-08-22T19:16:25.721880
30,13,14,25123957234.869045,1,skewed,75637.65969611333,2025-08-22T19:16:25.721884
30,16,14,461693467.237722,1,skewed,1414.7183397849963,2025-08-22T19:16:25.721888
30,18,14,1114317476.2014463,0,skewed,1089.6944475545356,2025-08-22T19:16:25.721892
30,0,14,3313431015.5453577,1,skewed,10693.27790893172,2025-08-22T19:16:25.721896
31,4,0,595104916.7181396,0,skewed,560.8376901037758,2025-08-22T19:16:25.721906
31,15,0,872979345.4734776,1,skewed,2016.0791469037076,2025-08-22T19:16:25.721910
31,9,0,135870584.58215857,1,skewed,463.32715547687485,2025-08-22T19:16:25.721914
31,12,0,15551945343.951754,0,skewed,15164.645856366253,2025-08-22T19:16:25.721918
31,8,0,3131680018.3678145,0,skewed,3229.1536073376033,2025-08-22T19:16:25.721926
31,11,0,133627406125.69186,1,skewed,445763.98579059675,2025-08-22T19:16:25.721932
32,5,17,57775906.75075853,0,local,52.255185211487635,2025-08-22T19:16:25.721940
32,19,7,13171338.219306864,0,local,13.439327055640574,2025-08-22T19:16:25.721947
32,7,19,30819225.40634232,0,local,26.435949640232593,2025-08-22T19:16:25.721954
32,9,5,34395184.11057229,0,local,30.67517983969839,2025-08-22T19:16:25.721961
32,12,8,354827259.15063417,0,local,386.11024100229463,2025-08-22T19:16:25.721968
33,6,18,65138566.992500894,0,local,74.7787110361256,2025-08-22T19:16:25.721976
33,1,9,70941652.94522534,0,local,64.83156045544182,2025-08-22T19:16:25.721982
33,10,2,301151517.7443083,0,local,317.38087550263697,2025-08-22T19:16:25.721989
33,10,14,23271822.35424695,0,local,22.828869563896557,2025-08-22T19:16:25.721996
34,13,8,27354230.2721825,1,shuffle,70.71506413821436,2025-08-22T19:16:25.722011
34,13,10,165780892.1315533,1,shuffle,592.3061146270513,2025-08-22T19:16:25.722015
34,13,14,16214758.859728267,1,shuffle,51.38279970469967,2025-08-22T19:16:25.722019
34,9,16,34255490.99615808,1,shuffle,97.76045722920877,2025-08-22T19:16:25.722023
34,9,10,36310084.68847567,1,shuffle,99.51878066028638,2025-08-22T19:16:25.722027
34,9,14,68924456.39554109,1,shuffle,189.59153366699056,2025-08-22T19:16:25.722031
34,7,10,86051526.98439553,1,shuffle,256.85766114391436,2025-08-22T19:16:25.722035
34,18,16,51704323.00668877,1,shuffle,141.0354796006667,2025-08-22T19:16:25.722040
34,18,8,36881796.57104709,1,shuffle,119.0034453698791,2025-08-22T19:16:25.722043
34,18,18,108354323.43303856,0,shuffle,97.76208971618202,2025-08-22T19:16:25.722047
34,1,16,72517052.9615403,1,shuffle,233.89767283067235,2025-08-22T19:16:25.722051
34,1,14,12367649.608012455,1,shuffle,39.118975365126545,2025-08-22T19:16:25.722055
34,1,18,33847518.33528875,1,shuffle,107.33655967505572,2025-08-22T19:16:25.722059
34,17,16,30607047.27334683,1,shuffle,75.24850828668355,2025-08-22T19:16:25.722063
34,17,10,12896384.543668583,1,shuffle,38.875190219877844,2025-08-22T19:16:25.722067
34,17,14,85132761.99071199,1,shuffle,232.3021943693587,2025-08-22T19:16:25.722071
35,9,10,3437081984.948468,1,skewed,8598.011752748875,2025-08-22T19:16:25.722080
35,15,10,1194364763.139608,1,skewed,3149.1757664425695,2025-08-22T19:16:25.722084
35,7,10,496079045.68729025,1,skewed,1495.2911833519183,2025-08-22T19:16:25.722088
35,18,10,362806412.8618833,0,skewed,348.85449110706605,2025-08-22T19:16:25.722094
35,13,10,5966576885.098835,1,skewed,16867.109747127022,2025-08-22T19:16:25.722098
35,19,10,4619434666.978082,1,skewed,12292.721898555792,2025-08-22T19:16:25.722104
36,4,13,824101432.4367584,1,broadcast,2828.7039268822923,2025-08-22T19:16:25.722114
36,4,4,40970198.71930733,0,broadcast,37.70530302179747,2025-08-22T19:16:25.722118
36,4,3,863990323.6103349,1,broadcast,2539.3421961925437,2025-08-22T19:16:25.722122
36,4,2,703195759.0389507,1,broadcast,1982.1713305705778,2025-08-22T19:16:25.722126
36,4,14,529048034.1376828,1,broadcast,1562.4358818097974,2025-08-22T19:16:25.722130
36,4,0,1559735451.8189054,0,broadcast,1599.418372716762,2025-08-22T19:16:25.722134
36,4,8,679999528.0398912,0,broadcast,651.9919137825133,2025-08-22T19:16:25.722137
37,2,10,40321435.183690764,0,shuffle,38.577298490356405,2025-08-22T19:16:25.722149
37,3,10,97411238.05303857,1,shuffle,279.9311283157705,2025-08-22T19:16:25.722154
37,3,8,87730033.58233526,1,shuffle,317.8125952755967,2025-08-22T19:16:25.722158
37,0,10,156900860.71315184,1,shuffle,455.3565702964927,2025-08-22T19:16:25.722162
37,0,8,218263568.9107827,0,shuffle,209.3567701807544,2025-08-22T19:16:25.722166
37,15,10,8553708.28836683,1,shuffle,23.074261995175487,2025-08-22T19:16:25.722170
37,15,8,10111744.003857955,1,shuffle,29.26890770221489,2025-08-22T19:16:25.722174
37,14,10,66880525.17383977,0,shuffle,78.09262596043891,2025-08-22T19:16:25.722178
37,6,13,91050729.27939278,1,shuffle,267.16740895811404,2025-08-22T19:16:25.722182
37,6,10,150489757.17263034,0,shuffle,117.21443559978778,2025-08-22T19:16:25.722185
37,12,8,83104927.83341266,0,shuffle,89.51119746413926,2025-08-22T19:16:25.722192
37,19,13,14967829.474799732,1,shuffle,50.03934306834941,2025-08-22T19:16:25.722198
37,19,8,92110215.03380893,1,shuffle,264.8549673863234,2025-08-22T19:16:25.722202
38,19,19,913488976.2444435,0,broadcast,1120.9142656485742,2025-08-22T19:16:25.722212
38,19,6,581933218.9607962,1,broadcast,1789.1339983218159,2025-08-22T19:16:25.722216
38,19,9,306472657.4717108,1,broadcast,841.2817537109589,2025-08-22T19:16:25.722219
38,19,18,1113012139.8960333,1,broadcast,3053.1869123865363,2025-08-22T19:16:25.722223
38,19,15,521159261.4753129,0,broadcast,496.2657012558837,2025-08-22T19:16:25.722227
38,19,12,783263580.0669196,1,broadcast,2428.194352736675,2025-08-22T19:16:25.722231
38,19,7,1369265010.6631265,0,broadcast,1299.430249681505,2025-08-22T19:16:25.722235
39,7,9,370411484.0486356,1,broadcast,1002.4708559971423,2025-08-22T19:16:25.722261
39,7,6,311125442.1935211,1,broadcast,968.5926614020872,2025-08-22T19:16:25.722266
39,7,2,1034297838.6227758,1,broadcast,2816.7554353733904,2025-08-22T19:16:25.722270
39,7,16,1157589797.9125473,1,broadcast,3943.551160242628,2025-08-22T19:16:25.722274
39,7,12,733570967.8535657,1,broadcast,2613.741779765219,2025-08-22T19:16:25.722278
39,7,19,223788238.95980027,0,broadcast,195.93433054309082,2025-08-22T19:16:25.722282
39,7,11,81922132.55611032,0,broadcast,94.1780465956735,2025-08-22T19:16:25.722286
39,7,17,933419848.8444978,1,broadcast,2784.694395997701,2025-08-22T19:16:25.722290
40,14,10,86873937.0448855,0,local,77.09637058091477,2025-08-22T19:16:25.722299
40,9,1,757665065.3157035,0,local,767.4557028438468,2025-08-22T19:16:25.722308
40,8,4,73250438.67677064,0,local,78.56671103452445,2025-08-22T19:16:25.722315
40,1,13,106218540.41744721,0,local,108.59660384561857,2025-08-22T19:16:25.722323
40,7,19,29785300.10057009,0,local,31.18958275109193,2025-08-22T19:16:25.722330
41,0,2,431174956.1638605,1,shuffle,1467.5582973184369,2025-08-22T19:16:25.722344
41,0,13,323007669.8722087,1,shuffle,919.4850342827716,2025-08-22T19:16:25.722348
41,0,18,24407357.452304423,1,shuffle,72.3010344604043,2025-08-22T19:16:25.722352
41,0,5,69422731.30662781,1,shuffle,231.05672305532335,2025-08-22T19:16:25.722356
41,0,7,12085722.682436906,1,shuffle,41.80288434426084,2025-08-22T19:16:25.722360
41,13,12,56063307.50975524,1,shuffle,161.01021312089904,2025-08-22T19:16:25.722364
41,13,16,23864334.56519928,1,shuffle,59.745387713140765,2025-08-22T19:16:25.722368
41,13,13,149554373.04377335,0,shuffle,150.65087530534393,2025-08-22T19:16:25.722372
41,13,18,18074977.844579503,1,shuffle,47.20237750012798,2025-08-22T19:16:25.722376
41,13,5,46932234.52843589,0,shuffle,54.765325494224854,2025-08-22T19:16:25.722380
41,1,16,50647916.300718844,1,shuffle,129.10443135889417,2025-08-22T19:16:25.722384
41,1,2,51354182.1951873,1,shuffle,149.8608978186388,2025-08-22T19:16:25.722387
41,1,18,4426471.64846979,1,shuffle,13.207314539219807,2025-08-22T19:16:25.722391
41,1,7,52120321.037798144,1,shuffle,167.24691288618456,2025-08-22T19:16:25.722395
41,3,12,417149861.35312307,1,shuffle,1392.4335178237066,2025-08-22T19:16:25.722399
41,3,2,50179207.69128366,1,shuffle,133.88024505669057,2025-08-22T19:16:25.722403
41,3,5,860788857.7719536,1,shuffle,2597.6589437681732,2025-08-22T19:16:25.722410
41,3,7,66580965.53696428,0,shuffle,66.42033837761954,2025-08-22T19:16:25.722414
41,9,2,80043817.44579959,1,shuffle,236.66490479986663,2025-08-22T19:16:25.722418
41,9,18,36996652.484356456,1,shuffle,104.9203723909592,2025-08-22T19:16:25.722422
41,9,5,63544228.28152449,0,shuffle,60.09107751044857,2025-08-22T19:16:25.722426
41,17,12,32189607.7365902,1,shuffle,97.59660739398603,2025-08-22T19:16:25.722430
41,17,5,50882152.55359545,0,shuffle,58.53479262205568,2025-08-22T19:16:25.722434
41,17,7,4634459.750974171,1,shuffle,15.420942624866665,2025-08-22T19:16:25.722440
41,4,12,228280385.53439263,0,shuffle,180.94895337265498,2025-08-22T19:16:25.722444
41,4,16,46609381.84227074,0,shuffle,44.878118926768586,2025-08-22T19:16:25.722448
41,4,13,16070378.735288428,1,shuffle,44.461193579001424,2025-08-22T19:16:25.722452
41,4,5,21626374.177295756,1,shuffle,76.24769941267583,2025-08-22T19:16:25.722455
42,1,7,167363456.7404558,1,shuffle,565.9339270616157,2025-08-22T19:16:25.722469
42,1,8,135119761.3214617,1,shuffle,359.5921222104514,2025-08-22T19:16:25.722473
42,1,1,38860145.01827738,0,shuffle,40.761861660034654,2025-08-22T19:16:25.722480
42,17,16,19343600.342993513,1,shuffle,62.168388032511466,2025-08-22T19:16:25.722484
42,17,6,51633157.012145676,1,shuffle,149.09351655414875,2025-08-22T19:16:25.722488
42,2,16,133680070.30929218,1,shuffle,418.85695614246436,2025-08-22T19:16:25.722492
42,2,5,45765167.92947943,1,shuffle,153.21258072942283,2025-08-22T19:16:25.722496
42,2,7,22274134.434351347,1,shuffle,70.93823305664814,2025-08-22T19:16:25.722502
42,8,5,118817737.34137549,1,shuffle,345.41932976771614,2025-08-22T19:16:25.722506
42,8,7,90978431.71264899,1,shuffle,238.78798981576543,2025-08-22T19:16:25.722510
42,8,6,165424758.70209032,1,shuffle,487.0980587148962,2025-08-22T19:16:25.722514
42,8,1,38930049.04771691,1,shuffle,129.041541327152,2025-08-22T19:16:25.722518
42,12,1,32464453.473613363,1,shuffle,83.6758825532861,2025-08-22T19:16:25.722522
42,9,16,13844115.497356705,1,shuffle,44.049248019763084,2025-08-22T19:16:25.722526
42,9,5,18248084.024156053,0,shuffle,21.450247191951142,2025-08-22T19:16:25.722530
42,9,7,8187102.368904227,1,shuffle,28.728025692183692,2025-08-22T19:16:25.722534
42,9,6,81085723.44903067,1,shuffle,240.90455455418666,2025-08-22T19:16:25.722538
42,9,1,38075474.282118276,0,shuffle,39.59520396782597,2025-08-22T19:16:25.722542
42,6,16,63234797.28655348,1,shuffle,210.63451311621674,2025-08-22T19:16:25.722546
42,6,5,73605304.17239232,1,shuffle,224.13481457819134,2025-08-22T19:16:25.722550
42,6,7,45644231.2444751,1,shuffle,136.1529219681797,2025-08-22T19:16:25.722553
42,6,6,89325876.0162062,0,shuffle,74.04964703527817,2025-08-22T19:16:25.722557
42,5,16,17052622.767925203,1,shuffle,54.96024896746953,2025-08-22T19:16:25.722561
42,5,5,77894463.63239913,0,shuffle,76.46133530215,2025-08-22T19:16:25.722565
42,5,8,66881565.433314495,1,shuffle,207.61873887111435,2025-08-22T19:16:25.722569
43,17,17,586897343.7009512,0,skewed,541.2188461080996,2025-08-22T19:16:25.722582
43,19,17,1769155025.1866093,1,skewed,4788.1971407528035,2025-08-22T19:16:25.722586
43,6,17,2432971370.6290183,1,skewed,6056.212962323144,2025-08-22T19:16:25.722592
43,1,17,6174745203.317421,0,skewed,6466.562107080404,2025-08-22T19:16:25.722596
43,10,17,1936299668.8872786,1,skewed,6379.734274711499,2025-08-22T19:16:25.722600
43,15,17,16037758202.712414,1,skewed,52993.74115738637,2025-08-22T19:16:25.722604
43,3,17,83360793.34366292,1,skewed,218.082414703579,2025-08-22T19:16:25.722608
44,9,1,35151625.587418854,0,local,35.24333987023823,2025-08-22T19:16:25.722616
44,16,4,110183643.76356345,0,local,102.1871339863523,2025-08-22T19:16:25.722624
44,2,10,79142989.21821614,0,local,73.16466289112978,2025-08-22T19:16:25.722631
44,15,19,35622292.61908924,0,local,30.6114432983076,2025-08-22T19:16:25.722638
44,2,18,26082281.026981488,0,local,22.556779252628502,2025-08-22T19:16:25.722645
45,4,17,24744820.368148677,1,shuffle,82.05611420127636,2025-08-22T19:16:25.722656
45,4,9,25408672.511377186,1,shuffle,96.29161767721439,2025-08-22T19:16:25.722660
45,6,9,107534028.63467474,1,shuffle,328.56493780946226,2025-08-22T19:16:25.722664
46,4,14,363926808.46179307,1,skewed,1168.2388871896524,2025-08-22T19:16:25.722674
46,18,14,556147030.5234348,0,skewed,562.932570134408,2025-08-22T19:16:25.722678
46,11,14,61366308954.40469,1,skewed,182330.4744178245,2025-08-22T19:16:25.722682
46,5,14,7393817311.065844,1,skewed,20621.704525748777,2025-08-22T19:16:25.722685
46,0,14,1251385612.3940508,1,skewed,4418.943168537908,2025-08-22T19:16:25.722689
47,19,12,35076184.090936,1,shuffle,124.30068605550352,2025-08-22T19:16:25.722700
47,15,12,133251907.41348113,1,shuffle,377.2707910170567,2025-08-22T19:16:25.722708
47,11,12,123581045.6714545,1,shuffle,406.7999257715527,2025-08-22T19:16:25.722712
47,11,15,122278276.7482623,0,shuffle,103.07783946268951,2025-08-22T19:16:25.722717
48,13,3,443094771.4920465,1,skewed,1296.382050498224,2025-08-22T19:16:25.722727
48,16,3,1179492214.7806764,1,skewed,3758.1000164398147,2025-08-22T19:16:25.722731
48,19,3,1721654357.74088,0,skewed,1491.7542143150854,2025-08-22T19:16:25.722737
48,6,3,2332710601.1895523,1,skewed,7425.427755856295,2025-08-22T19:16:25.722741
48,11,3,3053901137.981609,0,skewed,3383.9608867495936,2025-08-22T19:16:25.722744
48,14,3,4607186628.389049,1,skewed,14456.218381480308,2025-08-22T19:16:25.722748
48,10,3,1187067043.9359202,1,skewed,2969.699536175199,2025-08-22T19:16:25.722752
48,17,3,2512206603.279781,1,skewed,7693.146123572664,2025-08-22T19:16:25.722756
48,8,3,1981992038.2007966,1,skewed,5186.824460984371,2025-08-22T19:16:25.722762
49,5,13,22274285.61368327,0,local,24.620108358683527,2025-08-22T19:16:25.722770
49,11,15,63113474.46414658,0,local,67.4146621502391,2025-08-22T19:16:25.722777
49,18,2,67545930.48907416,0,local,67.74692110207444,2025-08-22T19:16:25.722784
50,3,3,1239884176.2813416,0,broadcast,1175.9006070043288,2025-08-22T19:16:25.722793
50,3,5,534114491.2006921,1,broadcast,1528.2710944156722,2025-08-22T19:16:25.722797
50,3,2,314188528.3846922,1,broadcast,913.4240848070219,2025-08-22T19:16:25.722801
50,3,7,605844415.9013824,0,broadcast,576.8396979958524,2025-08-22T19:16:25.722805
50,3,19,1703168412.7967632,0,broadcast,1550.8017228970045,2025-08-22T19:16:25.722808
51,16,18,996433073.4618918,1,skewed,2857.8504494178396,2025-08-22T19:16:25.722819
51,10,18,11555956167.946316,0,skewed,11783.09400614314,2025-08-22T19:16:25.722823
51,18,18,6199700424.511834,0,skewed,5278.697496976307,2025-08-22T19:16:25.722827
51,6,18,1968574273.8034675,0,skewed,2143.7047035482283,2025-08-22T19:16:25.722831
51,7,18,1492063627.9729574,1,skewed,4953.120238105072,2025-08-22T19:16:25.722835
52,13,17,39142193.07436327,0,local,44.65868803562363,2025-08-22T19:16:25.722843
52,19,7,654183285.7637832,0,local,630.4469935967616,2025-08-22T19:16:25.722850
52,3,15,42055363.155768305,0,local,48.16762435478244,2025-08-22T19:16:25.722857
52,16,8,318639888.12330073,0,local,301.9794820676744,2025-08-22T19:16:25.722863
52,13,1,43133615.06139623,0,local,41.918176176514706,2025-08-22T19:16:25.722871
53,5,9,126474275.40447125,0,broadcast,114.85569147642164,2025-08-22T19:16:25.722880
53,5,6,177744775.3999892,1,broadcast,492.29272447133997,2025-08-22T19:16:25.722884
53,5,0,468625787.099869,1,broadcast,1438.8050803152007,2025-08-22T19:16:25.722888
53,5,16,2286985685.316198,1,broadcast,6175.990635934433,2025-08-22T19:16:25.722892
53,5,17,1298301097.2536457,0,broadcast,1270.5189021278438,2025-08-22T19:16:25.722896
53,5,4,461750975.81912744,1,broadcast,1478.7324951602916,2025-08-22T19:16:25.722900
53,5,1,157869291.3120767,0,broadcast,163.9063668741674,2025-08-22T19:16:25.722904
53,5,18,573032050.8113551,1,broadcast,1803.7532597558356,2025-08-22T19:16:25.722908
54,7,17,647849285.9846462,1,broadcast,2420.7471907097215,2025-08-22T19:16:25.722916
54,7,8,256402751.88876414,1,broadcast,728.3635315141863,2025-08-22T19:16:25.722922
54,7,6,260173551.8926257,1,broadcast,737.1645191517752,2025-08-22T19:16:25.722926
54,7,19,256493241.34441078,0,broadcast,286.9907117519971,2025-08-22T19:16:25.722930
54,7,12,2008199221.9837961,1,broadcast,5680.745987034039,2025-08-22T19:16:25.722934
55,3,2,378401606.3877181,1,skewed,1188.7201403069869,2025-08-22T19:16:25.722945
55,9,2,576027196.4350191,1,skewed,1837.4573714599258,2025-08-22T19:16:25.722949
55,0,2,1788037579.8265533,1,skewed,4551.050507774863,2025-08-22T19:16:25.722953
55,11,2,13436729504.563877,1,skewed,47549.405268692666,2025-08-22T19:16:25.722957
55,12,2,526002731.82566965,1,skewed,1516.8285715791885,2025-08-22T19:16:25.722961
55,5,2,2024924162.2995737,1,skewed,6277.947377485685,2025-08-22T19:16:25.722964
55,6,2,3541500729.0224304,0,skewed,4253.414812974953,2025-08-22T19:16:25.722968
56,13,17,55011497.81365441,0,local,50.61994510139706,2025-08-22T19:16:25.722977
56,5,13,16529889.28554281,0,local,15.32167002197108,2025-08-22T19:16:25.722984
56,4,16,63520486.071067706,0,local,74.91960484839838,2025-08-22T19:16:25.722990
56,8,16,39129558.09868836,0,local,40.00523046423243,2025-08-22T19:16:25.722997
57,5,9,64590448.63844009,0,local,72.2663341075317,2025-08-22T19:16:25.723005
57,0,16,821738212.3807485,0,local,778.114696733918,2025-08-22T19:16:25.723012
57,15,11,40247584.89748954,0,local,44.450080252137,2025-08-22T19:16:25.723019
57,8,0,129850129.01295769,0,local,153.8296474625575,2025-08-22T19:16:25.723027
58,4,4,3166498619.622215,0,skewed,3052.7288286703747,2025-08-22T19:16:25.723038
58,11,4,3198610219.59904,1,skewed,10659.723839804681,2025-08-22T19:16:25.723043
58,8,4,4515235905.795538,0,skewed,4744.282097728869,2025-08-22T19:16:25.723048
58,12,4,6532215705.415216,0,skewed,7296.024807433415,2025-08-22T19:16:25.723051
58,19,4,10485282944.22678,1,skewed,33496.420848708825,2025-08-22T19:16:25.723055
58,15,4,1026399495.2771806,1,skewed,3124.3745419431666,2025-08-22T19:16:25.723059
58,13,4,8056648190.888821,1,skewed,22195.415583946906,2025-08-22T19:16:25.723063
58,0,4,2292732015.5240684,0,skewed,2202.549966726953,2025-08-22T19:16:25.723067
59,2,6,1376923134.851119,0,skewed,1552.9561294928685,2025-08-22T19:16:25.723077
59,17,6,1756604641.966668,1,skewed,5294.285122714404,2025-08-22T19:16:25.723081
59,9,6,171520918.09471557,1,skewed,552.96218331708,2025-08-22T19:16:25.723085
59,8,6,3472797394.5743003,1,skewed,12672.155793791626,2025-08-22T19:16:25.723089
59,13,6,831159812.3029366,1,skewed,2548.1241204709954,2025-08-22T19:16:25.723093
59,0,6,1917092448.703396,1,skewed,6658.5144773552765,2025-08-22T19:16:25.723097
59,19,6,1143153720.5878527,1,skewed,3525.1505103560967,2025-08-22T19:16:25.723101
59,18,6,3282413344.5670767,0,skewed,3343.666172173716,2025-08-22T19:16:25.723104
59,12,6,675085277.6891707,1,skewed,2064.5640220932455,2025-08-22T19:16:25.723108
60,5,13,6600740157.65114,0,skewed,5923.164081724553,2025-08-22T19:16:25.723118
60,15,13,1609926739.0636964,1,skewed,4491.637251027398,2025-08-22T19:16:25.723124
60,4,13,7919310202.90787,1,skewed,20139.153729926667,2025-08-22T19:16:25.723128
60,11,13,570268139.9203962,1,skewed,1775.3379940658676,2025-08-22T19:16:25.723134
60,14,13,13804853136.605942,1,skewed,41142.257600476,2025-08-22T19:16:25.723138
60,17,13,573461126.8646135,0,skewed,681.3381721496871,2025-08-22T19:16:25.723141
60,0,13,150275246.82480633,1,skewed,351.6979081191379,2025-08-22T19:16:25.723145
60,8,13,2551689881.049815,1,skewed,7270.743637943784,2025-08-22T19:16:25.723149
60,9,13,285043048.5310949,0,skewed,305.23425664958125,2025-08-22T19:16:25.723153
60,13,13,1901104881.4511218,0,skewed,1793.867617609536,2025-08-22T19:16:25.723157
61,6,12,193259306.47966006,1,skewed,630.3610688979356,2025-08-22T19:16:25.723167
61,0,12,3497456290.036336,0,skewed,3462.7699651768366,2025-08-22T19:16:25.723171
61,13,12,21045560959.900394,1,skewed,56380.52262510784,2025-08-22T19:16:25.723175
61,14,12,133780672.37439875,1,skewed,373.57283908020065,2025-08-22T19:16:25.723179
61,12,12,1231650498.4236953,0,skewed,1261.6214138281393,2025-08-22T19:16:25.723183
61,18,12,918402139.5860507,1,skewed,2852.204947581616,2025-08-22T19:16:25.723187
61,4,12,201780466.26767403,0,skewed,230.91281576674064,2025-08-22T19:16:25.723191
61,16,12,1165916409.58392,0,skewed,1296.183764024751,2025-08-22T19:16:25.723195
61,5,12,2205208765.437692,1,skewed,6917.79715706902,2025-08-22T19:16:25.723199
62,5,17,116077343.38776703,0,local,121.27422541364429,2025-08-22T19:16:25.723207
62,9,13,124862383.88354781,0,local,141.45849922926627,2025-08-22T19:16:25.723214
62,7,19,79918759.4431884,0,local,85.58502951789168,2025-08-22T19:16:25.723221
62,19,7,60024556.155252874,0,local,68.6687958221422,2025-08-22T19:16:25.723228
62,0,4,33384680.92994997,0,local,39.397063102607326,2025-08-22T19:16:25.723237
63,11,1,466067974.4429963,1,broadcast,1198.1523872107,2025-08-22T19:16:25.723259
63,11,19,551473538.7013419,0,broadcast,513.9153419427332,2025-08-22T19:16:25.723263
63,11,18,1124544103.3332531,1,broadcast,3153.4609757142434,2025-08-22T19:16:25.723267
63,11,3,310537916.6773285,0,broadcast,251.86051247085038,2025-08-22T19:16:25.723271
63,11,7,308642337.53377783,0,broadcast,233.83115940672178,2025-08-22T19:16:25.723275
63,11,15,99542692.10760854,0,broadcast,107.11206430667703,2025-08-22T19:16:25.723279
63,11,11,1064530994.8090205,0,broadcast,1109.8222709586173,2025-08-22T19:16:25.723282
64,16,2,184474879.34639475,1,broadcast,550.7841740388608,2025-08-22T19:16:25.723294
64,16,7,483420513.35750526,1,broadcast,1282.268364261116,2025-08-22T19:16:25.723300
64,16,14,2181761252.970709,1,broadcast,7119.542274030815,2025-08-22T19:16:25.723304
64,16,8,388978965.23331946,0,broadcast,390.0247678164717,2025-08-22T19:16:25.723308
64,16,13,597570488.9486969,1,broadcast,1426.6873157577184,2025-08-22T19:16:25.723312
64,16,0,378915058.349997,0,broadcast,353.0736482376105,2025-08-22T19:16:25.723316
64,16,17,178193391.95047468,1,broadcast,519.553111451138,2025-08-22T19:16:25.723320
64,16,12,2928296017.6207647,0,broadcast,3115.953777477653,2025-08-22T19:16:25.723324
65,1,13,559879150.2758559,0,skewed,591.9368663846831,2025-08-22T19:16:25.723334
65,17,13,10759265797.070848,0,skewed,11754.103753009149,2025-08-22T19:16:25.723338
65,3,13,1442214411.1593456,1,skewed,4046.736770303246,2025-08-22T19:16:25.723342
65,8,13,3758684892.0728774,1,skewed,11719.750948249493,2025-08-22T19:16:25.723348
65,14,13,5050685583.062828,1,skewed,16114.472667645434,2025-08-22T19:16:25.723352
65,15,13,6366585107.948734,1,skewed,18077.469165694816,2025-08-22T19:16:25.723356
65,4,13,9514579072.913322,1,skewed,29107.760337826643,2025-08-22T19:16:25.723360
65,6,13,29654843620.72442,1,skewed,82833.20377094693,2025-08-22T19:16:25.723364
65,10,13,17826388648.34532,1,skewed,54537.57630814706,2025-08-22T19:16:25.723367
66,17,10,252919546.06739762,1,broadcast,722.043382552954,2025-08-22T19:16:25.723377
66,17,16,352179903.2592567,1,broadcast,1101.3545263686797,2025-08-22T19:16:25.723381
66,17,4,818378488.993735,1,broadcast,2314.284344273519,2025-08-22T19:16:25.723385
66,17,8,473491920.80879354,1,broadcast,1724.780074523643,2025-08-22T19:16:25.723389
66,17,19,2729933727.208217,1,broadcast,8547.14159217137,2025-08-22T19:16:25.723393
66,17,13,503957994.4253707,0,broadcast,510.0070690934858,2025-08-22T19:16:25.723397
66,17,12,896060035.6161507,1,broadcast,2413.2350441285666,2025-08-22T19:16:25.723401
66,17,7,375070086.03932714,1,broadcast,937.4594664720457,2025-08-22T19:16:25.723405
66,17,15,723219349.8820459,1,broadcast,2310.077437673572,2025-08-22T19:16:25.723409
66,17,17,299257072.9465919,0,broadcast,346.35974011047745,2025-08-22T19:16:25.723412
67,12,8,19273358.98834062,0,shuffle,16.4510167123614,2025-08-22T19:16:25.723424
67,12,6,82182407.67426984,1,shuffle,272.36314089690194,2025-08-22T19:16:25.723429
67,12,3,353688694.9673702,1,shuffle,1012.3754320795568,2025-08-22T19:16:25.723433
67,12,10,193092678.95167184,1,shuffle,577.0473257935495,2025-08-22T19:16:25.723437
67,12,16,55249657.54482293,0,shuffle,60.13184843804476,2025-08-22T19:16:25.723443
67,12,15,126066849.82816423,1,shuffle,318.58131148704393,2025-08-22T19:16:25.723447
67,10,6,287444498.171211,0,shuffle,327.11446484354514,2025-08-22T19:16:25.723455
67,10,3,35125478.15539358,1,shuffle,109.54727097645574,2025-08-22T19:16:25.723459
67,10,14,107610650.83867247,0,shuffle,110.4157781983603,2025-08-22T19:16:25.723463
67,10,16,37870948.514373206,1,shuffle,105.98234134665006,2025-08-22T19:16:25.723467
67,10,15,64003346.499304436,1,shuffle,214.5276140287473,2025-08-22T19:16:25.723471
67,19,8,113079328.73703568,1,shuffle,326.66534024332054,2025-08-22T19:16:25.723475
67,19,6,142051284.76053914,1,shuffle,304.76211259492084,2025-08-22T19:16:25.723478
67,19,10,207111054.05169955,1,shuffle,513.2389758137995,2025-08-22T19:16:25.723483
67,19,0,45697724.321534,1,shuffle,121.74326311187805,2025-08-22T19:16:25.723486
67,19,16,17989854.61174676,1,shuffle,60.23449537554846,2025-08-22T19:16:25.723490
67,0,8,41132075.409704804,0,shuffle,42.55731778901513,2025-08-22T19:16:25.723494
67,0,10,62650324.64151728,1,shuffle,196.9170027323878,2025-08-22T19:16:25.723498
67,0,0,70902899.83795573,0,shuffle,61.80611292150391,2025-08-22T19:16:25.723502
68,8,16,5877516990.655788,0,skewed,5587.310719977912,2025-08-22T19:16:25.723513
68,12,16,127691422.80773523,0,skewed,122.22475940480524,2025-08-22T19:16:25.723517
68,3,16,12526843841.182674,1,skewed,40775.71002169823,2025-08-22T19:16:25.723521
68,16,16,781731429.0348059,0,skewed,754.4288566049797,2025-08-22T19:16:25.723525
68,0,16,814062272.7364664,0,skewed,983.1224910763076,2025-08-22T19:16:25.723531
68,11,16,2338798512.7143836,1,skewed,7318.129767599865,2025-08-22T19:16:25.723535
68,6,16,6185200015.352978,1,skewed,18998.68765908201,2025-08-22T19:16:25.723539
68,18,16,894197102.3538795,1,skewed,2629.9186672318156,2025-08-22T19:16:25.723544
68,9,16,1184513656.553278,1,skewed,3540.313895417825,2025-08-22T19:16:25.723549
68,10,16,3928188894.27188,1,skewed,11845.782658335045,2025-08-22T19:16:25.723552
69,18,2,1009418316.0775614,0,broadcast,1001.2706366402869,2025-08-22T19:16:25.723563
69,18,0,524856363.77660525,1,broadcast,1259.938587715982,2025-08-22T19:16:25.723567
69,18,14,1212957797.788473,0,broadcast,1254.985387656904,2025-08-22T19:16:25.723571
69,18,5,1316194045.3579862,1,broadcast,2804.9719112895855,2025-08-22T19:16:25.723575
69,18,18,3916149371.4869885,0,broadcast,3861.48398803039,2025-08-22T19:16:25.723578
69,18,11,1469492318.8175974,1,broadcast,3950.0368247916344,2025-08-22T19:16:25.723582
69,18,4,895393554.2995486,1,broadcast,2403.21421131929,2025-08-22T19:16:25.723586
69,18,1,260010101.28055978,1,broadcast,929.3305496936002,2025-08-22T19:16:25.723590
69,18,17,400938095.9789709,1,broadcast,1228.967424589687,2025-08-22T19:16:25.723594
69,18,19,1158124508.5901263,1,broadcast,3646.591928647968,2025-08-22T19:16:25.723598
70,9,14,563917715.9671661,1,broadcast,1753.4955403798504,2025-08-22T19:16:25.723609
70,9,15,5366359514.126642,1,broadcast,16006.317588483815,2025-08-22T19:16:25.723613
70,9,10,593233741.2780069,1,broadcast,1966.6863152741548,2025-08-22T19:16:25.723617
70,9,4,1465593230.5174608,1,broadcast,4918.690765626892,2025-08-22T19:16:25.723621
70,9,19,918938926.8602074,1,broadcast,2441.711268210474,2025-08-22T19:16:25.723627
70,9,6,2484734208.1934958,1,broadcast,6599.693540848922,2025-08-22T19:16:25.723630
70,9,11,656632766.6068466,1,broadcast,1821.3136283656572,2025-08-22T19:16:25.723634
71,13,5,61580859.2284323,0,local,63.60540639928217,2025-08-22T19:16:25.723643
71,12,8,90544972.18391871,0,local,94.3652524795239,2025-08-22T19:16:25.723650
71,19,3,329705789.9180404,0,local,344.65907843159977,2025-08-22T19:16:25.723657
71,6,18,51435716.60574879,0,local,56.394568042880664,2025-08-22T19:16:25.723664
72,2,6,215715396.69030842,0,local,189.2340060080685,2025-08-22T19:16:25.723671
72,17,13,119329611.88028581,0,local,127.69667900038533,2025-08-22T19:16:25.723678
72,18,2,48760762.322854534,0,local,55.46881361783648,2025-08-22T19:16:25.723685
72,10,14,56510917.80678863,0,local,57.22056187084847,2025-08-22T19:16:25.723692
72,8,12,55225103.18500881,0,local,55.311138636029874,2025-08-22T19:16:25.723729
73,9,1,21937869.735863782,0,local,18.77870486832685,2025-08-22T19:16:25.723739
73,18,2,323433815.863092,0,local,296.0402217855774,2025-08-22T19:16:25.723746
73,1,17,24363767.558929376,0,local,19.117297939775632,2025-08-22T19:16:25.723753
73,2,6,34657969.33212565,0,local,30.07240878376909,2025-08-22T19:16:25.723760
74,5,17,339171066.8819153,0,local,373.42114083670845,2025-08-22T19:16:25.723768
74,9,1,32994441.136169244,0,local,40.42622719541252,2025-08-22T19:16:25.723775
74,1,13,175257256.04569727,0,local,169.5643503505724,2025-08-22T19:16:25.723782
74,17,9,5392902.44586483,0,local,6.628385426170878,2025-08-22T19:16:25.723792
74,1,9,16361270.306750845,0,local,13.669188940615761,2025-08-22T19:16:25.723798
75,4,11,182556529.1897868,1,shuffle,681.2874069844788,2025-08-22T19:16:25.723812
75,4,6,262109475.14310813,1,shuffle,830.6702024749252,2025-08-22T19:16:25.723816
75,4,13,119014315.44113761,1,shuffle,387.5135468779291,2025-08-22T19:16:25.723820
75,4,0,140248806.11569253,0,shuffle,144.19248226586018,2025-08-22T19:16:25.723824
75,4,1,72870984.7940897,1,shuffle,217.24458752085494,2025-08-22T19:16:25.723828
75,4,2,30892852.707025453,1,shuffle,90.07730197862287,2025-08-22T19:16:25.723832
75,4,12,12079775.740912428,0,shuffle,11.960983677099868,2025-08-22T19:16:25.723838
75,18,13,24432112.055390224,1,shuffle,65.20743080776649,2025-08-22T19:16:25.723842
75,18,1,78600934.85462739,1,shuffle,268.6266088718214,2025-08-22T19:16:25.723846
75,18,12,164482807.00200525,1,shuffle,415.9523167013306,2025-08-22T19:16:25.723850
75,15,11,24406788.369383365,0,shuffle,26.70290869830754,2025-08-22T19:16:25.723854
75,15,6,24581694.710776873,1,shuffle,72.08852507778651,2025-08-22T19:16:25.723858
75,15,0,113811268.96199724,1,shuffle,308.37125352588856,2025-08-22T19:16:25.723862
75,15,2,72956614.91077358,1,shuffle,189.67204943815028,2025-08-22T19:16:25.723868
76,8,0,535091615.47229946,0,skewed,552.2028786462182,2025-08-22T19:16:25.723878
76,12,0,120904241.74421136,0,skewed,126.22976816426959,2025-08-22T19:16:25.723882
76,16,0,1280534366.5280054,0,skewed,1351.2826039072704,2025-08-22T19:16:25.723886
76,3,0,1845232644.5505562,1,skewed,6290.844869593359,2025-08-22T19:16:25.723890
76,11,0,1591331229.237066,1,skewed,4568.995753431181,2025-08-22T19:16:25.723896
77,13,8,548280460.3935561,1,broadcast,1734.2052892279632,2025-08-22T19:16:25.723906
77,13,7,509459068.26071936,1,broadcast,1534.5811463361151,2025-08-22T19:16:25.723910
77,13,12,240446534.30017522,1,broadcast,673.5219344376661,2025-08-22T19:16:25.723913
77,13,13,119328974.46502051,0,broadcast,140.20649431625532,2025-08-22T19:16:25.723917
77,13,0,139857802.02908057,1,broadcast,390.50094669376347,2025-08-22T19:16:25.723922
77,13,5,236531685.68081355,0,broadcast,257.6994828243656,2025-08-22T19:16:25.723926
77,13,11,361238990.82729346,1,broadcast,1218.9368986255047,2025-08-22T19:16:25.723929
78,9,5,33481693.199085135,0,local,34.41581289347645,2025-08-22T19:16:25.723938
78,19,15,28478299.85832074,0,local,34.58731986847531,2025-08-22T19:16:25.723945
78,13,5,20023188.42123505,0,local,20.643548267002714,2025-08-22T19:16:25.723952
78,1,17,123750361.5385076,0,local,128.8711403299007,2025-08-22T19:16:25.723958
79,8,0,54554586.25922876,0,local,53.84635480304469,2025-08-22T19:16:25.723966
79,8,4,68600574.82122171,0,local,67.59213264006327,2025-08-22T19:16:25.723973
79,10,18,172150407.83176976,0,local,210.20465145631567,2025-08-22T19:16:25.723980
79,16,4,37599759.61013328,0,local,32.44933333559152,2025-08-22T19:16:25.723987
79,9,13,60111874.05664703,0,local,75.6189903374303,2025-08-22T19:16:25.723993
80,7,15,395036272.6114468,0,skewed,459.78733193118745,2025-08-22T19:16:25.724004
80,2,15,16334597169.414152,1,skewed,46290.99923043515,2025-08-22T19:16:25.724008
80,17,15,3096302884.4328094,1,skewed,10801.51140165649,2025-08-22T19:16:25.724014
80,16,15,746800312.8248227,1,skewed,2194.7907754916378,2025-08-22T19:16:25.724018
80,6,15,551128542.331311,1,skewed,1485.6072076516389,2025-08-22T19:16:25.724022
80,1,15,497986577.7920901,1,skewed,1311.1079859162082,2025-08-22T19:16:25.724027
80,5,15,1387993758.6746798,1,skewed,3843.3658643072476,2025-08-22T19:16:25.724031
81,9,13,82953097.17773171,0,local,70.04646090393778,2025-08-22T19:16:25.724040
81,12,0,91411352.2001464,0,local,99.03075314801198,2025-08-22T19:16:25.724047
81,5,17,8941951.012750681,0,local,9.276430565108136,2025-08-22T19:16:25.724054
81,2,6,224114803.12354368,0,local,197.00495724812944,2025-08-22T19:16:25.724061
81,4,0,349695168.8593653,0,local,364.34806118291965,2025-08-22T19:16:25.724068
82,12,5,239721440.88629815,1,broadcast,715.1536095629929,2025-08-22T19:16:25.724078
82,12,1,847945491.2651447,1,broadcast,2563.1710024834333,2025-08-22T19:16:25.724082
82,12,11,831511754.0416133,1,broadcast,2264.8699878404746,2025-08-22T19:16:25.724086
82,12,10,574701207.1920135,1,broadcast,1480.3645931771978,2025-08-22T19:16:25.724090
82,12,16,434094989.812313,0,broadcast,394.85681197102,2025-08-22T19:16:25.724094
82,12,18,232516106.86020246,1,broadcast,783.7717924255265,2025-08-22T19:16:25.724098
83,6,14,195546765.9090813,0,local,207.45826486261464,2025-08-22T19:16:25.724106
83,0,16,22024967.084563036,0,local,21.328078515582472,2025-08-22T19:16:25.724113
83,15,7,220872837.94804567,0,local,224.00297963813406,2025-08-22T19:16:25.724121
83,19,15,667686653.5806472,0,local,693.9479607785271,2025-08-22T19:16:25.724128
84,13,14,79562156.46642625,1,shuffle,231.30827765191043,2025-08-22T19:16:25.724146
84,13,12,75040678.5237554,1,shuffle,221.68960357834564,2025-08-22T19:16:25.724150
84,4,8,133299452.3433606,0,shuffle,146.05224183179484,2025-08-22T19:16:25.724154
84,0,10,29919187.037416082,1,shuffle,77.80873879388815,2025-08-22T19:16:25.724159
84,0,14,10467592.638007538,1,shuffle,32.99801179615104,2025-08-22T19:16:25.724162
84,12,10,21782847.23190494,1,shuffle,51.279715627728066,2025-08-22T19:16:25.724167
84,12,12,96840766.44290613,0,shuffle,120.98316484390479,2025-08-22T19:16:25.724171
84,10,10,65262560.80896061,0,shuffle,70.7347663245009,2025-08-22T19:16:25.724177
84,10,12,71258834.224839,1,shuffle,211.6624742535272,2025-08-22T19:16:25.724181
84,10,8,164607841.20083785,1,shuffle,479.4890837801782,2025-08-22T19:16:25.724185
84,16,13,85788224.72495542,1,shuffle,265.64403928230695,2025-08-22T19:16:25.724189
84,16,10,33662989.12826113,1,shuffle,111.00750063295014,2025-08-22T19:16:25.724193
84,16,14,55120940.27997643,1,shuffle,152.8656056989434,2025-08-22T19:16:25.724196
84,16,8,112280396.8108468,0,shuffle,102.19236265911297,2025-08-22T19:16:25.724202
85,5,1,67536662.55604117,0,local,67.47507589612025,2025-08-22T19:16:25.724210
85,3,11,194490828.53155503,0,local,203.72327379308373,2025-08-22T19:16:25.724217
86,16,1,1270224586.9266698,1,skewed,4122.297818661281,2025-08-22T19:16:25.724227
86,5,1,10612637272.960783,0,skewed,11204.621117803927,2025-08-22T19:16:25.724231
86,17,1,1339455372.3756495,0,skewed,1163.7407634658043,2025-08-22T19:16:25.724235
86,19,1,266885291.8164334,1,skewed,776.217880161916,2025-08-22T19:16:25.724254
86,0,1,528594257.65201855,1,skewed,1556.1331858249089,2025-08-22T19:16:25.724258
86,10,1,1435781141.2340124,1,skewed,4535.500283908145,2025-08-22T19:16:25.724262
86,6,1,1186474133.4800193,1,skewed,3732.588885328648,2025-08-22T19:16:25.724266
87,14,10,1452731801.9442985,0,skewed,1165.749491482301,2025-08-22T19:16:25.724277
87,3,10,322301148.1913483,1,skewed,952.9715691792965,2025-08-22T19:16:25.724281
87,15,10,214851550.69687086,1,skewed,683.2233374747993,2025-08-22T19:16:25.724285
87,11,10,13103251579.31657,1,skewed,44100.677685368806,2025-08-22T19:16:25.724289
87,2,10,957499439.4658877,0,skewed,1100.2363835089855,2025-08-22T19:16:25.724293
87,9,10,1648284992.4642591,1,skewed,4778.170853183546,2025-08-22T19:16:25.724297
87,12,10,525518527.56864667,1,skewed,1528.8695554227224,2025-08-22T19:16:25.724301
87,10,10,736732018.0719763,0,skewed,749.2871268142659,2025-08-22T19:16:25.724304
88,12,13,77096927.04924771,1,shuffle,231.36123278581064,2025-08-22T19:16:25.724317
88,12,14,101639029.68110411,1,shuffle,341.22192866212384,2025-08-22T19:16:25.724321
88,13,13,169701935.47973412,0,shuffle,144.50292955614674,2025-08-22T19:16:25.724325
88,13,14,5106776.111312158,1,shuffle,16.75173711484848,2025-08-22T19:16:25.724330
88,13,11,16736814.322238283,1,shuffle,49.08188592745252,2025-08-22T19:16:25.724334
88,14,11,20376380.592579145,1,shuffle,50.113790012783596,2025-08-22T19:16:25.724338
88,14,12,112837888.11836505,1,shuffle,364.21210386790796,2025-08-22T19:16:25.724342
88,9,14,36891421.38803127,1,shuffle,81.99809425397532,2025-08-22T19:16:25.724346
88,9,11,38025043.94315599,1,shuffle,118.54464118622889,2025-08-22T19:16:25.724354
88,3,11,14962960.88767159,0,shuffle,15.237321618473802,2025-08-22T19:16:25.724359
88,3,12,64662380.86159354,1,shuffle,205.22465285790736,2025-08-22T19:16:25.724363
88,3,10,74000349.07700571,1,shuffle,200.39881484064892,2025-08-22T19:16:25.724366
88,16,13,217252646.02437538,1,shuffle,641.425647309159,2025-08-22T19:16:25.724371
88,16,14,63891408.6565974,1,shuffle,173.78588460201593,2025-08-22T19:16:25.724374
88,8,13,42148841.160536535,1,shuffle,115.25850076603015,2025-08-22T19:16:25.724379
88,8,14,55232048.97154857,1,shuffle,194.05849689471677,2025-08-22T19:16:25.724382
88,15,13,16652965.340617368,1,shuffle,41.897721411712254,2025-08-22T19:16:25.724388
88,15,14,285905051.9551202,1,shuffle,839.7611468278983,2025-08-22T19:16:25.724392
89,14,8,483417337.82726073,1,skewed,1601.0644001543124,2025-08-22T19:16:25.724403
89,5,8,531692934.77487814,1,skewed,1886.341743381596,2025-08-22T19:16:25.724407
89,8,8,3645971903.3250136,0,skewed,3468.080774783916,2025-08-22T19:16:25.724411
89,16,8,33538582178.68278,0,skewed,31507.10020648258,2025-08-22T19:16:25.724415
89,2,8,4014357144.2507706,1,skewed,12403.511625265126,2025-08-22T19:16:25.724419
89,18,8,9293786858.392813,1,skewed,32235.066246990413,2025-08-22T19:16:25.724423
89,19,8,1383671379.788514,1,skewed,3838.2693160997733,2025-08-22T19:16:25.724426
89,11,8,2629233548.950599,1,skewed,7353.139050814289,2025-08-22T19:16:25.724430
89,13,8,27026423466.350483,1,skewed,82186.28890183958,2025-08-22T19:16:25.724436
89,7,8,762427265.9910493,1,skewed,2329.5233881780396,2025-08-22T19:16:25.724442
90,7,19,174827540.9514574,0,skewed,157.84105164078423,2025-08-22T19:16:25.724451
90,4,19,7983325268.425681,1,skewed,22376.71559647806,2025-08-22T19:16:25.724455
90,10,19,274272727.7258608,1,skewed,866.9749474607573,2025-08-22T19:16:25.724459
90,13,19,7809105268.899708,1,skewed,25111.63043262136,2025-08-22T19:16:25.724463
90,12,19,5875585365.586033,1,skewed,16292.771852614265,2025-08-22T19:16:25.724467
90,3,19,156299406.7637771,0,skewed,179.76516267929088,2025-08-22T19:16:25.724471
90,1,19,812787488.6238754,1,skewed,2377.2002846190917,2025-08-22T19:16:25.724474
91,6,18,247815268.59049764,0,local,261.5994975082696,2025-08-22T19:16:25.724483
91,19,7,103583413.34057377,0,local,126.00924661809381,2025-08-22T19:16:25.724490
91,11,3,34500410.12526801,0,local,37.7014966202164,2025-08-22T19:16:25.724497
91,2,18,69512220.17237298,0,local,71.37926473486719,2025-08-22T19:16:25.724504
92,2,1,2237149675.8724523,1,broadcast,7052.280406891289,2025-08-22T19:16:25.724514
92,2,15,831129418.5737278,1,broadcast,2760.8059756234898,2025-08-22T19:16:25.724518
92,2,9,336815974.8448299,1,broadcast,925.6501578732918,2025-08-22T19:16:25.724522
92,2,17,170661190.3416523,1,broadcast,411.30934417123893,2025-08-22T19:16:25.724526
92,2,18,3792180915.331081,0,broadcast,3373.8243443187453,2025-08-22T19:16:25.724530
92,2,13,388866391.6596848,1,broadcast,1134.30615825169,2025-08-22T19:16:25.724534
92,2,14,659773200.1613116,0,broadcast,713.5933552820836,2025-08-22T19:16:25.724538
92,2,11,1147066313.7331047,1,broadcast,3240.5503947752495,2025-08-22T19:16:25.724543
92,2,4,410496633.6497826,1,broadcast,1266.2893364730587,2025-08-22T19:16:25.724549
92,2,12,378341911.98940194,1,broadcast,1317.4635955059389,2025-08-22T19:16:25.724553
93,10,5,2754391619.6647773,1,skewed,8870.417223606359,2025-08-22T19:16:25.724563
93,2,5,3564615044.237457,1,skewed,11948.739902635836,2025-08-22T19:16:25.724567
93,6,5,1730251028.4078114,1,skewed,4517.599641736621,2025-08-22T19:16:25.724571
93,12,5,2401914411.1183753,1,skewed,6736.392180361157,2025-08-22T19:16:25.724575
93,7,5,596789478.8199956,1,skewed,1895.3491996054822,2025-08-22T19:16:25.724579
93,8,5,8449935178.90403,1,skewed,25403.72857008393,2025-08-22T19:16:25.724583
93,17,5,2095901313.1971595,0,skewed,2452.668766977642,2025-08-22T19:16:25.724587
93,1,5,1892434191.2678006,0,skewed,2384.785599279707,2025-08-22T19:16:25.724591
93,13,5,3080212633.646942,0,skewed,2537.8602640862623,2025-08-22T19:16:25.724595
94,16,2,4082651254.723457,1,skewed,12714.794791657383,2025-08-22T19:16:25.724604
94,7,2,9128152271.078554,1,skewed,29227.927377368444,2025-08-22T19:16:25.724608
94,8,2,1071489982.7502267,1,skewed,2820.9229594258327,2025-08-22T19:16:25.724612
94,11,2,963868193.0940267,1,skewed,2645.667695265611,2025-08-22T19:16:25.724616
94,2,2,552086240.7565892,0,skewed,584.5808446252978,2025-08-22T19:16:25.724620
94,1,2,16144685423.720816,1,skewed,50345.61057956965,2025-08-22T19:16:25.724624
94,19,2,219349171.15923497,1,skewed,687.3044815084866,2025-08-22T19:16:25.724628
95,8,10,1605388285.4130929,1,broadcast,4522.483356867426,2025-08-22T19:16:25.724637
95,8,15,424313375.48528373,1,broadcast,1274.8098457014505,2025-08-22T19:16:25.724643
95,8,0,221315908.03543422,0,broadcast,235.6633853232101,2025-08-22T19:16:25.724647
95,8,6,429895129.22865564,1,broadcast,1343.7918739426748,2025-08-22T19:16:25.724651
95,8,13,199736153.72747138,1,broadcast,572.9955896855876,2025-08-22T19:16:25.724654
95,8,11,999115911.9177195,1,broadcast,2885.596675329561,2025-08-22T19:16:25.724658
95,8,7,2728352683.1021085,1,broadcast,7857.953511520438,2025-08-22T19:16:25.724662
96,12,5,82201550.77726242,1,shuffle,269.6027761179748,2025-08-22T19:16:25.724673
96,12,15,15896893.441557297,1,shuffle,39.293263308167845,2025-08-22T19:16:25.724677
96,9,19,14279616.88065332,1,shuffle,48.24761582492295,2025-08-22T19:16:25.724681
96,9,7,37812180.87716495,1,shuffle,142.4558708643515,2025-08-22T19:16:25.724685
96,15,7,37346598.757586606,0,shuffle,38.03583510465555,2025-08-22T19:16:25.724690
96,15,15,306923765.1010107,0,shuffle,368.4955233386266,2025-08-22T19:16:25.724693
97,18,6,515941309.9842935,0,local,578.2859155795944,2025-08-22T19:16:25.724702
97,15,3,182829123.97339243,0,local,193.66224227870035,2025-08-22T19:16:25.724713
97,17,9,143000841.97825027,0,local,135.11883982611374,2025-08-22T19:16:25.724721
98,5,14,28970861.77854516,1,shuffle,86.8832570538664,2025-08-22T19:16:25.724731
98,5,17,55384779.59815174,0,shuffle,52.874586036182606,2025-08-22T19:16:25.724736
98,5,0,131746140.05439466,1,shuffle,432.9957523040909,2025-08-22T19:16:25.724740
98,5,18,71729086.03573619,1,shuffle,246.9818227985289,2025-08-22T19:16:25.724743
98,19,18,20963866.815340728,1,shuffle,61.67364511246091,2025-08-22T19:16:25.724748
98,7,14,32061858.708381623,1,shuffle,78.23218613795974,2025-08-22T19:16:25.724754
98,7,17,60449527.2303917,1,shuffle,179.1407078942008,2025-08-22T19:16:25.724758
99,2,6,298252124.82999355,0,local,317.0662173585985,2025-08-22T19:16:25.724766
99,17,9,23577729.888126206,0,local,27.94925925978723,2025-08-22T19:16:25.724773
